sample,stage,unit,id,type,prompt,options,answer,hint,exampleEn,exampleVi,sources,reviewer_note
yes,A1,a1-u01,a1-u01-meaning-back,meaning,back,não | lưng | thở | cổ,lưng,,My back hurts after sitting all day.,Lưng tôi đau sau khi ngồi cả ngày.,"cefrj,gymtalk-vocab",
,A1,a1-u01,a1-u01-meaning-bone,meaning,bone,lưng | não | xương | thở,xương,,Milk helps make your bones strong.,Sữa giúp xương chắc khoẻ.,"cefrj,gymtalk-vocab",
,A1,a1-u01,a1-u01-meaning-brain,meaning,brain,vai | xương | não | cổ,não,,Reading regularly keeps your brain active.,Đọc sách thường xuyên giúp não hoạt động linh hoạt.,"cefrj,gymtalk-vocab",
,A1,a1-u01,a1-u01-meaning-breathe,meaning,breathe,vai | bàn thắng | thở | cổ,thở,,Take a moment to breathe deeply.,Hãy dành một chút thời gian để thở sâu.,"cefrj,gymtalk-vocab",
,A1,a1-u01,a1-u01-meaning-head,meaning,head,xương | đầu | thái dương | bóng rổ,đầu,,"She has a headache, so her head hurts.",Cô ấy bị đau đầu.,"cefrj,gymtalk-vocab",
,A1,a1-u01,a1-u01-meaning-heart,meaning,heart,đầu | vai | tim | xương,tim,,Exercise keeps your heart healthy.,Tập thể dục giúp tim khoẻ mạnh.,"cefrj,gymtalk-vocab",
,A1,a1-u01,a1-u01-meaning-knee,meaning,knee,bóng chày | đầu gối | bàn thắng | bóng rổ,đầu gối,,He scraped his knee while running.,Anh ấy bị trầy đầu gối khi chạy.,"cefrj,gymtalk-vocab",
,A1,a1-u01,a1-u01-meaning-neck,meaning,neck,tim | cổ | não | hòa (tỉ số),cổ,,She wrapped a scarf around her neck.,Cô ấy quấn khăn quanh cổ.,"cefrj,gymtalk-vocab",
,A1,a1-u01,a1-u01-meaning-shoulder,meaning,shoulder,xương | lưng | thở | vai,vai,,He carried the bag on his shoulder.,Anh ấy vác túi trên vai.,"cefrj,gymtalk-vocab",
,A1,a1-u01,a1-u01-meaning-temple,meaning,temple,thở | đầu gối | huấn luyện viên | thái dương,thái dương,,The doctor pressed gently on his temple.,Bác sĩ ấn nhẹ vào thái dương của anh ấy.,"cefrj,gymtalk-vocab",
,A1,a1-u01,a1-u01-meaning-baseball,meaning,baseball,lưng | hòa (tỉ số) | cổ | bóng chày,bóng chày,,Baseball is very popular in the US.,Bóng chày rất phổ biến ở Mỹ.,"cefrj,gymtalk-vocab",
,A1,a1-u01,a1-u01-meaning-basketball,meaning,basketball,thở | huấn luyện viên | hòa (tỉ số) | bóng rổ,bóng rổ,,They play basketball after school.,Họ chơi bóng rổ sau giờ học.,"cefrj,gymtalk-vocab",
,A1,a1-u01,a1-u01-meaning-coach,meaning,coach,huấn luyện viên | não | bóng chày | vai,huấn luyện viên,,The coach called a timeout.,Huấn luyện viên đã xin hội ý.,"cefrj,gymtalk-vocab",
,A1,a1-u01,a1-u01-meaning-draw,meaning,draw,đầu gối | hòa (tỉ số) | đầu | bàn thắng,hòa (tỉ số),,The match ended in a one-one draw.,Trận đấu kết thúc với tỷ số hòa một-một.,"cefrj,gymtalk-vocab",
,A1,a1-u01,a1-u01-meaning-goal,meaning,goal,não | thái dương | bóng rổ | bàn thắng,bàn thắng,,She scored the winning goal.,Cô ấy đã ghi bàn thắng quyết định.,"cefrj,gymtalk-vocab",
,A1,a1-u01,a1-u01-gapFill-back,gapFill,I have ___ pain.,back | head | neck | baseball,back,Tôi bị đau lưng.,My back hurts after sitting all day.,Lưng tôi đau sau khi ngồi cả ngày.,"cefrj,tatoeba",
,A1,a1-u01,a1-u01-listening-bone,listening,bone,draw | knee | goal | bone,bone,,Milk helps make your bones strong.,Sữa giúp xương chắc khoẻ.,"cefrj,gymtalk-vocab",
,A1,a1-u01,a1-u01-wordScramble-brain,wordScramble,brain,brain,brain,não,Reading regularly keeps your brain active.,Đọc sách thường xuyên giúp não hoạt động linh hoạt.,"cefrj,gymtalk-vocab",
,A1,a1-u01,a1-u01-gapFill-breathe,gapFill,She can't ___ on her own.,temple | breathe | goal | heart,breathe,Cô ấy không tự thở được.,Take a moment to breathe deeply.,Hãy dành một chút thời gian để thở sâu.,"cefrj,tatoeba",
,A1,a1-u01,a1-u01-listening-head,listening,head,head | knee | temple | back,head,,"She has a headache, so her head hurts.",Cô ấy bị đau đầu.,"cefrj,gymtalk-vocab",
yes,A1,a1-u01,a1-u01-wordScramble-heart,wordScramble,heart,heart,heart,tim,Exercise keeps your heart healthy.,Tập thể dục giúp tim khoẻ mạnh.,"cefrj,gymtalk-vocab",
,A1,a1-u01,a1-u01-gapFill-knee,gapFill,I put bandages on my hurt ___.,temple | neck | knee | brain,knee,Tôi đã băng bó đầu gối bị đau của mình.,He scraped his knee while running.,Anh ấy bị trầy đầu gối khi chạy.,"cefrj,tatoeba",
yes,A1,a1-u01,a1-u01-listening-neck,listening,neck,neck | heart | knee | brain,neck,,She wrapped a scarf around her neck.,Cô ấy quấn khăn quanh cổ.,"cefrj,gymtalk-vocab",
,A1,a1-u01,a1-u01-wordScramble-shoulder,wordScramble,shoulder,shoulder,shoulder,vai,He carried the bag on his shoulder.,Anh ấy vác túi trên vai.,"cefrj,gymtalk-vocab",
,A1,a1-u01,a1-u01-gapFill-temple,gapFill,The doctor pressed gently on his ___.,coach | breathe | temple | basketball,temple,Bác sĩ ấn nhẹ vào thái dương của anh ấy.,The doctor pressed gently on his temple.,Bác sĩ ấn nhẹ vào thái dương của anh ấy.,"cefrj,gymtalk-vocab",
,A1,a1-u01,a1-u01-listening-baseball,listening,baseball,heart | baseball | knee | breathe,baseball,,Baseball is very popular in the US.,Bóng chày rất phổ biến ở Mỹ.,"cefrj,gymtalk-vocab",
,A1,a1-u01,a1-u01-wordScramble-basketball,wordScramble,basketball,basketball,basketball,bóng rổ,They play basketball after school.,Họ chơi bóng rổ sau giờ học.,"cefrj,gymtalk-vocab",
,A1,a1-u01,a1-u01-gapFill-coach,gapFill,He robbed the mail ___.,goal | coach | basketball | shoulder,coach,Anh ta đã cướp chiếc xe chở thư.,The coach called a timeout.,Huấn luyện viên đã xin hội ý.,"cefrj,tatoeba",
,A1,a1-u01,a1-u01-listening-draw,listening,draw,baseball | basketball | coach | draw,draw,,The match ended in a one-one draw.,Trận đấu kết thúc với tỷ số hòa một-một.,"cefrj,gymtalk-vocab",
,A1,a1-u01,a1-u01-wordScramble-goal,wordScramble,goal,goal,goal,bàn thắng,She scored the winning goal.,Cô ấy đã ghi bàn thắng quyết định.,"cefrj,gymtalk-vocab",
,A1,a1-u01,a1-u01-grammar-be-present-1,grammar,I ___ ready for my workout.,am | is | are | be,am,I đi với am; he/she/it đi với is; you/we/they đi với are.,,,gymtalk-grammar,
,A1,a1-u01,a1-u01-grammar-be-present-2,grammar,The gym ___ open until 10 p.m.,is | are | am | be,is,I đi với am; he/she/it đi với is; you/we/they đi với are.,,,gymtalk-grammar,
,A1,a1-u01,a1-u01-grammar-be-present-3,grammar,My friends ___ at the gym now.,are | is | am | be,are,I đi với am; he/she/it đi với is; you/we/they đi với are.,,,gymtalk-grammar,
,A1,a1-u02,a1-u02-meaning-sport,meaning,sport,thể thao | đau đầu | bệnh viện | bơi lội,thể thao,,What sport do you play at school?,Bạn chơi môn thể thao gì ở trường?,"cefrj,gymtalk-vocab",
,A1,a1-u02,a1-u02-meaning-swimming,meaning,swimming,"mang, vác | bệnh viện | thể thao | bơi lội",bơi lội,,Swimming is great exercise for the whole body.,Bơi lội là bài tập tuyệt vời cho cả cơ thể.,"cefrj,gymtalk-vocab",
,A1,a1-u02,a1-u02-meaning-tennis,meaning,tennis,quần vợt | sốt | xây dựng | thể thao,quần vợt,,She practices tennis every weekend.,Cô ấy tập quần vợt mỗi cuối tuần.,"cefrj,gymtalk-vocab",
,A1,a1-u02,a1-u02-meaning-volleyball,meaning,volleyball,"bắt, chụp | bóng chuyền | mang, vác | xây dựng",bóng chuyền,,We play volleyball on the beach every weekend.,Chúng tôi chơi bóng chuyền trên bãi biển mỗi cuối tuần.,"cefrj,gymtalk-vocab",
,A1,a1-u02,a1-u02-meaning-doctor,meaning,doctor,"bác sĩ | bơi lội | bệnh viện | leo, trèo",bác sĩ,,The doctor examined the patient carefully.,Bác sĩ khám bệnh nhân cẩn thận.,"cefrj,gymtalk-vocab",
,A1,a1-u02,a1-u02-meaning-fever,meaning,fever,thể thao | sốt | bóng chuyền | đau đầu,sốt,,The child had a high fever last night.,Đứa trẻ bị sốt cao vào tối qua.,"cefrj,gymtalk-vocab",
,A1,a1-u02,a1-u02-meaning-headache,meaning,headache,"leo, trèo | làm vỡ, bẻ gãy | đau đầu | sốt",đau đầu,,I have a headache from staring at the screen.,Tôi bị đau đầu vì nhìn màn hình quá lâu.,"cefrj,gymtalk-vocab",
,A1,a1-u02,a1-u02-meaning-hospital,meaning,hospital,"mang, vác | quần vợt | bệnh viện | bác sĩ",bệnh viện,,She was taken to the hospital by ambulance.,Cô ấy được đưa đến bệnh viện bằng xe cứu thương.,"cefrj,gymtalk-vocab",
,A1,a1-u02,a1-u02-meaning-hurt,meaning,hurt,"mang, vác | đau | thể thao | y tá",đau,,My back hurts after lifting the box.,Lưng tôi đau sau khi khiêng thùng hàng.,"cefrj,gymtalk-vocab",
,A1,a1-u02,a1-u02-meaning-nurse,meaning,nurse,y tá | bơi lội | bác sĩ | bóng chuyền,y tá,,The nurse checked his temperature.,Y tá kiểm tra nhiệt độ của anh ấy.,"cefrj,gymtalk-vocab",
,A1,a1-u02,a1-u02-meaning-break,meaning,break,"leo, trèo | bắt, chụp | làm vỡ, bẻ gãy | bác sĩ","làm vỡ, bẻ gãy",,He accidentally broke the glass.,Anh ấy lỡ làm vỡ chiếc ly.,"cefrj,gymtalk-vocab",
,A1,a1-u02,a1-u02-meaning-build,meaning,build,"leo, trèo | đau đầu | bác sĩ | xây dựng",xây dựng,,They are building a new house next door.,Họ đang xây một ngôi nhà mới bên cạnh.,"cefrj,gymtalk-vocab",
,A1,a1-u02,a1-u02-meaning-carry,meaning,carry,"leo, trèo | bác sĩ | mang, vác | đau đầu","mang, vác",,She carried the heavy bag upstairs.,Cô ấy mang chiếc túi nặng lên lầu.,"cefrj,gymtalk-vocab",
,A1,a1-u02,a1-u02-meaning-catch,meaning,catch,"bắt, chụp | bác sĩ | mang, vác | bơi lội","bắt, chụp",,He caught the ball with one hand.,Anh ấy bắt bóng bằng một tay.,"cefrj,gymtalk-vocab",
,A1,a1-u02,a1-u02-meaning-climb,meaning,climb,"bác sĩ | bắt, chụp | làm vỡ, bẻ gãy | leo, trèo","leo, trèo",,The boy climbed the tree to get the kite.,Cậu bé trèo lên cây để lấy con diều.,"cefrj,gymtalk-vocab",
,A1,a1-u02,a1-u02-gapFill-sport,gapFill,Do you love ___?,break | hurt | doctor | sport,sport,Bạn có thích thể thao không?,What sport do you play at school?,Bạn chơi môn thể thao gì ở trường?,"cefrj,tatoeba",
yes,A1,a1-u02,a1-u02-listening-swimming,listening,swimming,break | catch | swimming | doctor,swimming,,Swimming is great exercise for the whole body.,Bơi lội là bài tập tuyệt vời cho cả cơ thể.,"cefrj,gymtalk-vocab",
,A1,a1-u02,a1-u02-wordScramble-tennis,wordScramble,tennis,tennis,tennis,quần vợt,She practices tennis every weekend.,Cô ấy tập quần vợt mỗi cuối tuần.,"cefrj,gymtalk-vocab",
,A1,a1-u02,a1-u02-gapFill-volleyball,gapFill,Who wants to play ___?,break | catch | volleyball | headache,volleyball,Ai muốn chơi bóng chuyền nào?,We play volleyball on the beach every weekend.,Chúng tôi chơi bóng chuyền trên bãi biển mỗi cuối tuần.,"cefrj,tatoeba",
,A1,a1-u02,a1-u02-listening-doctor,listening,doctor,climb | catch | doctor | tennis,doctor,,The doctor examined the patient carefully.,Bác sĩ khám bệnh nhân cẩn thận.,"cefrj,gymtalk-vocab",
,A1,a1-u02,a1-u02-wordScramble-fever,wordScramble,fever,fever,fever,sốt,The child had a high fever last night.,Đứa trẻ bị sốt cao vào tối qua.,"cefrj,gymtalk-vocab",
,A1,a1-u02,a1-u02-gapFill-headache,gapFill,I have a ___.,climb | break | fever | headache,headache,Tôi bị đau đầu,I have a headache from staring at the screen.,Tôi bị đau đầu vì nhìn màn hình quá lâu.,"cefrj,tatoeba",
,A1,a1-u02,a1-u02-listening-hospital,listening,hospital,hospital | fever | build | hurt,hospital,,She was taken to the hospital by ambulance.,Cô ấy được đưa đến bệnh viện bằng xe cứu thương.,"cefrj,gymtalk-vocab",
,A1,a1-u02,a1-u02-wordScramble-hurt,wordScramble,hurt,hurt,hurt,đau,My back hurts after lifting the box.,Lưng tôi đau sau khi khiêng thùng hàng.,"cefrj,gymtalk-vocab",
yes,A1,a1-u02,a1-u02-gapFill-nurse,gapFill,"She is not a ___, but a doctor.",nurse | carry | break | climb,nurse,Cô ấy không phải là y tá mà là bác sĩ.,The nurse checked his temperature.,Y tá kiểm tra nhiệt độ của anh ấy.,"cefrj,tatoeba",
,A1,a1-u02,a1-u02-listening-break,listening,break,hospital | break | headache | swimming,break,,He accidentally broke the glass.,Anh ấy lỡ làm vỡ chiếc ly.,"cefrj,gymtalk-vocab",
,A1,a1-u02,a1-u02-wordScramble-build,wordScramble,build,build,build,xây dựng,They are building a new house next door.,Họ đang xây một ngôi nhà mới bên cạnh.,"cefrj,gymtalk-vocab",
,A1,a1-u02,a1-u02-gapFill-carry,gapFill,___ on with your work.,climb | hospital | tennis | carry,carry,Hãy tiếp tục công việc.,She carried the heavy bag upstairs.,Cô ấy mang chiếc túi nặng lên lầu.,"cefrj,tatoeba",
,A1,a1-u02,a1-u02-listening-catch,listening,catch,sport | catch | climb | volleyball,catch,,He caught the ball with one hand.,Anh ấy bắt bóng bằng một tay.,"cefrj,gymtalk-vocab",
,A1,a1-u02,a1-u02-wordScramble-climb,wordScramble,climb,climb,climb,"leo, trèo",The boy climbed the tree to get the kite.,Cậu bé trèo lên cây để lấy con diều.,"cefrj,gymtalk-vocab",
,A1,a1-u02,a1-u02-grammar-present-simple-1,grammar,We usually ___ every Monday and Thursday.,train | trains | training | to train,train,"Dùng cho thói quen, việc lặp lại. Với I/you/we/they, động từ giữ nguyên.",,,gymtalk-grammar,
,A1,a1-u02,a1-u02-grammar-present-simple-2,grammar,I ___ water after every set.,drink | drinks | drinking | to drink,drink,"Dùng cho thói quen, việc lặp lại. Với I/you/we/they, động từ giữ nguyên.",,,gymtalk-grammar,
,A1,a1-u02,a1-u02-grammar-present-simple-3,grammar,They ___ at seven in the morning.,run | runs | running | to run,run,"Dùng cho thói quen, việc lặp lại. Với I/you/we/they, động từ giữ nguyên.",,,gymtalk-grammar,
,A1,a1-u03,a1-u03-meaning-cry,meaning,cry,cười | khóc | chỉ | chơi,khóc,,The baby cried all night.,Em bé khóc suốt đêm.,"cefrj,gymtalk-vocab",
,A1,a1-u03,a1-u03-meaning-cut,meaning,cut,cắt | quét sơn | làm rơi | đá,cắt,,She cut the paper with scissors.,Cô ấy cắt giấy bằng kéo.,"cefrj,gymtalk-vocab",
yes,A1,a1-u03,a1-u03-meaning-dig,meaning,dig,"làm rơi | đào | trốn, giấu | đá",đào,,The dog dug a hole in the garden.,Con chó đào một cái hố trong vườn.,"cefrj,gymtalk-vocab",
,A1,a1-u03,a1-u03-meaning-drop,meaning,drop,"làm rơi | đá | chơi | xô, đẩy",làm rơi,,He dropped his phone on the floor.,Anh ấy làm rơi điện thoại xuống sàn.,"cefrj,gymtalk-vocab",
,A1,a1-u03,a1-u03-meaning-hide,meaning,hide,"nhảy | hái (hoa, quả) | trốn, giấu | chỉ","trốn, giấu",,The children hid behind the curtains.,Bọn trẻ trốn sau tấm rèm.,"cefrj,gymtalk-vocab",
,A1,a1-u03,a1-u03-meaning-hold,meaning,hold,"cầm, giữ | đá | quét sơn | đào","cầm, giữ",,Please hold this bag for a second.,Vui lòng cầm giúp tôi túi này một chút.,"cefrj,gymtalk-vocab",
,A1,a1-u03,a1-u03-meaning-jump,meaning,jump,"nhảy | trốn, giấu | khóc | đá",nhảy,,She jumped over the puddle.,Cô ấy nhảy qua vũng nước.,"cefrj,gymtalk-vocab",
,A1,a1-u03,a1-u03-meaning-kick,meaning,kick,đọc | đá | chơi | cắt,đá,,He kicked the ball into the goal.,Anh ấy đá bóng vào khung thành.,"cefrj,gymtalk-vocab",
,A1,a1-u03,a1-u03-meaning-laugh,meaning,laugh,"xô, đẩy | trốn, giấu | chơi | cười",cười,,The whole class laughed at the joke.,Cả lớp cười vì câu chuyện cười đó.,"cefrj,gymtalk-vocab",
,A1,a1-u03,a1-u03-meaning-paint,meaning,paint,"quét sơn | đào | trốn, giấu | khóc",quét sơn,,He painted the fence over the weekend.,Anh ấy sơn hàng rào vào cuối tuần.,"cefrj,gymtalk-vocab",
yes,A1,a1-u03,a1-u03-meaning-pick,meaning,pick,"khóc | hái (hoa, quả) | đọc | đào","hái (hoa, quả)",,They picked apples from the tree.,Họ hái táo từ cây.,"cefrj,gymtalk-vocab",
,A1,a1-u03,a1-u03-meaning-play,meaning,play,"xô, đẩy | chơi | cười | đọc",chơi,,The kids play in the yard after school.,Bọn trẻ chơi ở sân sau giờ học.,"cefrj,gymtalk-vocab",
,A1,a1-u03,a1-u03-meaning-point,meaning,point,"chỉ | khóc | chơi | hái (hoa, quả)",chỉ,,He pointed at the map to show the way.,Anh ấy chỉ vào bản đồ để chỉ đường.,"cefrj,gymtalk-vocab",
,A1,a1-u03,a1-u03-meaning-push,meaning,push,"hái (hoa, quả) | đào | xô, đẩy | cười","xô, đẩy",,She pushed the cart into the store.,Cô ấy đẩy xe hàng vào cửa hàng.,"cefrj,gymtalk-vocab",
,A1,a1-u03,a1-u03-meaning-read,meaning,read,cười | chỉ | nhảy | đọc,đọc,,She reads a book every night before bed.,Cô ấy đọc sách mỗi tối trước khi ngủ.,"cefrj,gymtalk-vocab",
yes,A1,a1-u03,a1-u03-gapFill-cry,gapFill,I wanted to ___.,dig | kick | hide | cry,cry,Tôi muốn khóc.,The baby cried all night.,Em bé khóc suốt đêm.,"cefrj,tatoeba",
,A1,a1-u03,a1-u03-listening-cut,listening,cut,dig | hide | paint | cut,cut,,She cut the paper with scissors.,Cô ấy cắt giấy bằng kéo.,"cefrj,gymtalk-vocab",
,A1,a1-u03,a1-u03-wordScramble-dig,wordScramble,dig,dig,dig,đào,The dog dug a hole in the garden.,Con chó đào một cái hố trong vườn.,"cefrj,gymtalk-vocab",
yes,A1,a1-u03,a1-u03-gapFill-drop,gapFill,There's not a ___ of water left.,play | point | hold | drop,drop,Không còn một giọt nước nào.,He dropped his phone on the floor.,Anh ấy làm rơi điện thoại xuống sàn.,"cefrj,tatoeba",
,A1,a1-u03,a1-u03-listening-hide,listening,hide,hide | cut | cry | play,hide,,The children hid behind the curtains.,Bọn trẻ trốn sau tấm rèm.,"cefrj,gymtalk-vocab",
,A1,a1-u03,a1-u03-wordScramble-hold,wordScramble,hold,hold,hold,"cầm, giữ",Please hold this bag for a second.,Vui lòng cầm giúp tôi túi này một chút.,"cefrj,gymtalk-vocab",
,A1,a1-u03,a1-u03-gapFill-jump,gapFill,He didn't ___ high enough to win a prize.,play | jump | hide | push,jump,"Vì nhảy không đủ cao, anh ấy đã không thể giành được giải thưởng.",She jumped over the puddle.,Cô ấy nhảy qua vũng nước.,"cefrj,tatoeba",
,A1,a1-u03,a1-u03-listening-kick,listening,kick,point | jump | pick | kick,kick,,He kicked the ball into the goal.,Anh ấy đá bóng vào khung thành.,"cefrj,gymtalk-vocab",
,A1,a1-u03,a1-u03-wordScramble-laugh,wordScramble,laugh,laugh,laugh,cười,The whole class laughed at the joke.,Cả lớp cười vì câu chuyện cười đó.,"cefrj,gymtalk-vocab",
,A1,a1-u03,a1-u03-gapFill-paint,gapFill,Do you want me to ___ you?,cry | drop | paint | point,paint,Mày có muốn tao sơn mày không?,He painted the fence over the weekend.,Anh ấy sơn hàng rào vào cuối tuần.,"cefrj,tatoeba",
,A1,a1-u03,a1-u03-listening-pick,listening,pick,paint | pick | cut | jump,pick,,They picked apples from the tree.,Họ hái táo từ cây.,"cefrj,gymtalk-vocab",
,A1,a1-u03,a1-u03-wordScramble-play,wordScramble,play,play,play,chơi,The kids play in the yard after school.,Bọn trẻ chơi ở sân sau giờ học.,"cefrj,gymtalk-vocab",
,A1,a1-u03,a1-u03-gapFill-point,gapFill,That's the main ___.,pick | hold | cut | point,point,Đó là ý chính.,He pointed at the map to show the way.,Anh ấy chỉ vào bản đồ để chỉ đường.,"cefrj,tatoeba",
,A1,a1-u03,a1-u03-listening-push,listening,push,play | read | push | pick,push,,She pushed the cart into the store.,Cô ấy đẩy xe hàng vào cửa hàng.,"cefrj,gymtalk-vocab",
,A1,a1-u03,a1-u03-wordScramble-read,wordScramble,read,read,read,đọc,She reads a book every night before bed.,Cô ấy đọc sách mỗi tối trước khi ngủ.,"cefrj,gymtalk-vocab",
,A1,a1-u03,a1-u03-grammar-present-simple-3rd-1,grammar,She ___ to the gym every day.,goes | go | going | gone,goes,"Với he/she/it, thêm -s hoặc -es vào động từ: go → goes, watch → watches.",,,gymtalk-grammar,
,A1,a1-u03,a1-u03-grammar-present-simple-3rd-2,grammar,My coach ___ very loud music.,plays | play | playing | to play,plays,"Với he/she/it, thêm -s hoặc -es vào động từ: go → goes, watch → watches.",,,gymtalk-grammar,
,A1,a1-u03,a1-u03-grammar-present-simple-3rd-3,grammar,He ___ his legs on Friday.,trains | train | training | to train,trains,"Với he/she/it, thêm -s hoặc -es vào động từ: go → goes, watch → watches.",,,gymtalk-grammar,
,A1,a1-u04,a1-u04-meaning-ride,meaning,ride,"ngủ | chạy | đi, cưỡi | ngồi","đi, cưỡi",,He rides his motorbike to work.,Anh ấy đi xe máy đến chỗ làm.,"cefrj,gymtalk-vocab",
,A1,a1-u04,a1-u04-meaning-row,meaning,row,"ngừng | thấy, xem | ngồi | chèo thuyền",chèo thuyền,,They rowed across the lake.,Họ chèo thuyền qua hồ.,"cefrj,gymtalk-vocab",
,A1,a1-u04,a1-u04-meaning-run,meaning,run,"chạy | hát, hót | cầm, nắm, lấy | đứng",chạy,,She runs five kilometers every morning.,Cô ấy chạy năm cây số mỗi sáng.,"cefrj,gymtalk-vocab",
yes,A1,a1-u04,a1-u04-meaning-see,meaning,see,"chèo thuyền | chạy | bơi | thấy, xem","thấy, xem",,I can see the mountains from my window.,Tôi có thể nhìn thấy núi từ cửa sổ.,"cefrj,gymtalk-vocab",
,A1,a1-u04,a1-u04-meaning-set,meaning,set,"ngồi | để, đặt | cho xem, trưng bày | lắc, run","để, đặt",,She set the vase on the table.,Cô ấy đặt lọ hoa lên bàn.,"cefrj,gymtalk-vocab",
,A1,a1-u04,a1-u04-meaning-shake,meaning,shake,"để, đặt | ngồi | chạy | lắc, run","lắc, run",,He shook his head in disagreement.,Anh ấy lắc đầu tỏ ý không đồng ý.,"cefrj,gymtalk-vocab",
,A1,a1-u04,a1-u04-meaning-show,meaning,show,"bơi | đứng | cho xem, trưng bày | thấy, xem","cho xem, trưng bày",,She showed us her new painting.,Cô ấy cho chúng tôi xem bức tranh mới.,"cefrj,gymtalk-vocab",
,A1,a1-u04,a1-u04-meaning-sing,meaning,sing,"ngừng | lắc, run | bơi | hát, hót","hát, hót",,The birds sing every morning.,Những chú chim hót mỗi sáng.,"cefrj,gymtalk-vocab",
,A1,a1-u04,a1-u04-meaning-sit,meaning,sit,"lắc, run | bơi | cho xem, trưng bày | ngồi",ngồi,,Please sit down and relax.,Hãy ngồi xuống và thư giãn.,"cefrj,gymtalk-vocab",
,A1,a1-u04,a1-u04-meaning-sleep,meaning,sleep,"chèo thuyền | đứng | ngủ | lắc, run",ngủ,,He sleeps eight hours every night.,Anh ấy ngủ tám tiếng mỗi đêm.,"cefrj,gymtalk-vocab",
,A1,a1-u04,a1-u04-meaning-stand,meaning,stand,"đứng | lắc, run | chèo thuyền | đi, cưỡi",đứng,,He stood by the door waiting for her.,Anh ấy đứng cạnh cửa chờ cô ấy.,"cefrj,gymtalk-vocab",
,A1,a1-u04,a1-u04-meaning-stop,meaning,stop,"để, đặt | ngừng | cho xem, trưng bày | hát, hót",ngừng,,The car stopped at the red light.,Chiếc xe dừng lại ở đèn đỏ.,"cefrj,gymtalk-vocab",
,A1,a1-u04,a1-u04-meaning-swim,meaning,swim,"bơi | cho xem, trưng bày | chèo thuyền | đứng",bơi,,He swims in the pool every morning.,Anh ấy bơi ở hồ bơi mỗi sáng.,"cefrj,gymtalk-vocab",
,A1,a1-u04,a1-u04-meaning-take,meaning,take,"để, đặt | ngủ | ngừng | cầm, nắm, lấy","cầm, nắm, lấy",,Please take a seat.,Xin mời ngồi.,"cefrj,gymtalk-vocab",
yes,A1,a1-u04,a1-u04-meaning-talk,meaning,talk,"nói chuyện | chèo thuyền | cầm, nắm, lấy | ngủ",nói chuyện,,They talked for hours on the phone.,Họ nói chuyện điện thoại suốt nhiều giờ.,"cefrj,gymtalk-vocab",
,A1,a1-u04,a1-u04-gapFill-ride,gapFill,I can ___ a horse.,show | talk | ride | sleep,ride,Tôi biết cưỡi ngựa.,He rides his motorbike to work.,Anh ấy đi xe máy đến chỗ làm.,"cefrj,tatoeba",
,A1,a1-u04,a1-u04-listening-row,listening,row,see | sit | row | talk,row,,They rowed across the lake.,Họ chèo thuyền qua hồ.,"cefrj,gymtalk-vocab",
,A1,a1-u04,a1-u04-wordScramble-run,wordScramble,run,run,run,chạy,She runs five kilometers every morning.,Cô ấy chạy năm cây số mỗi sáng.,"cefrj,gymtalk-vocab",
,A1,a1-u04,a1-u04-gapFill-see,gapFill,I ___ a house.,see | sleep | ride | stand,see,Tôi thấy một ngôi nhà.,I can see the mountains from my window.,Tôi có thể nhìn thấy núi từ cửa sổ.,"cefrj,tatoeba",
,A1,a1-u04,a1-u04-listening-set,listening,set,sit | set | run | sing,set,,She set the vase on the table.,Cô ấy đặt lọ hoa lên bàn.,"cefrj,gymtalk-vocab",
,A1,a1-u04,a1-u04-wordScramble-shake,wordScramble,shake,shake,shake,"lắc, run",He shook his head in disagreement.,Anh ấy lắc đầu tỏ ý không đồng ý.,"cefrj,gymtalk-vocab",
,A1,a1-u04,a1-u04-gapFill-show,gapFill,___ me an example.,show | see | shake | row,show,Hãy cho tôi một ví dụ.,She showed us her new painting.,Cô ấy cho chúng tôi xem bức tranh mới.,"cefrj,tatoeba",
,A1,a1-u04,a1-u04-listening-sing,listening,sing,stand | sleep | talk | sing,sing,,The birds sing every morning.,Những chú chim hót mỗi sáng.,"cefrj,gymtalk-vocab",
,A1,a1-u04,a1-u04-wordScramble-sit,wordScramble,sit,sit,sit,ngồi,Please sit down and relax.,Hãy ngồi xuống và thư giãn.,"cefrj,gymtalk-vocab",
,A1,a1-u04,a1-u04-gapFill-sleep,gapFill,Go to ___ now.,take | set | ride | sleep,sleep,Đi ngủ đi.,He sleeps eight hours every night.,Anh ấy ngủ tám tiếng mỗi đêm.,"cefrj,tatoeba",
,A1,a1-u04,a1-u04-listening-stand,listening,stand,set | stop | stand | run,stand,,He stood by the door waiting for her.,Anh ấy đứng cạnh cửa chờ cô ấy.,"cefrj,gymtalk-vocab",
yes,A1,a1-u04,a1-u04-wordScramble-stop,wordScramble,stop,stop,stop,ngừng,The car stopped at the red light.,Chiếc xe dừng lại ở đèn đỏ.,"cefrj,gymtalk-vocab",
,A1,a1-u04,a1-u04-gapFill-swim,gapFill,He can ___ fast.,sleep | show | take | swim,swim,Anh ta có thể bơi nhanh.,He swims in the pool every morning.,Anh ấy bơi ở hồ bơi mỗi sáng.,"cefrj,tatoeba",
,A1,a1-u04,a1-u04-listening-take,listening,take,ride | stand | take | shake,take,,Please take a seat.,Xin mời ngồi.,"cefrj,gymtalk-vocab",
,A1,a1-u04,a1-u04-wordScramble-talk,wordScramble,talk,talk,talk,nói chuyện,They talked for hours on the phone.,Họ nói chuyện điện thoại suốt nhiều giờ.,"cefrj,gymtalk-vocab",
,A1,a1-u04,a1-u04-grammar-do-does-1,grammar,___ you like running?,Do | Does | Are | Is,Do,Câu hỏi và phủ định ở hiện tại đơn dùng do/does; sau does động từ trở về nguyên mẫu.,,,gymtalk-grammar,
,A1,a1-u04,a1-u04-grammar-do-does-2,grammar,She ___ eat sugar before training.,doesn't | don't | isn't | not,doesn't,Câu hỏi và phủ định ở hiện tại đơn dùng do/does; sau does động từ trở về nguyên mẫu.,,,gymtalk-grammar,
,A1,a1-u04,a1-u04-grammar-do-does-3,grammar,___ he lift heavy weights?,Does | Do | Is | Are,Does,Câu hỏi và phủ định ở hiện tại đơn dùng do/does; sau does động từ trở về nguyên mẫu.,,,gymtalk-grammar,
,A1,a1-u05,a1-u05-meaning-tell,meaning,tell,"nói, kể | bánh ngọt | quay, xoay | no","nói, kể",,She told us an interesting story.,Cô ấy kể cho chúng tôi một câu chuyện thú vị.,"cefrj,gymtalk-vocab",
,A1,a1-u05,a1-u05-meaning-throw,meaning,throw,"ngon | ném, quăng | trứng | bánh mì","ném, quăng",,He threw the ball to his friend.,Anh ấy ném bóng cho bạn.,"cefrj,gymtalk-vocab",
,A1,a1-u05,a1-u05-meaning-turn,meaning,turn,"trứng | quay, xoay | ngô | kẹo","quay, xoay",,Turn the key to open the door.,Xoay chìa khóa để mở cửa.,"cefrj,gymtalk-vocab",
,A1,a1-u05,a1-u05-meaning-beef,meaning,beef,thịt bò | bánh quy | bơ | ngô,thịt bò,,We had grilled beef for dinner.,Chúng tôi ăn thịt bò nướng cho bữa tối.,"cefrj,gymtalk-vocab",
,A1,a1-u05,a1-u05-meaning-biscuit,meaning,biscuit,"bánh quy | ném, quăng | thịt gà | ngô",bánh quy,,She dipped a biscuit in her tea.,Cô ấy chấm bánh quy vào trà.,"cefrj,gymtalk-vocab",
,A1,a1-u05,a1-u05-meaning-bread,meaning,bread,"trứng | nói, kể | ném, quăng | bánh mì",bánh mì,,He buys fresh bread every morning.,Anh ấy mua bánh mì tươi mỗi sáng.,"cefrj,gymtalk-vocab",
,A1,a1-u05,a1-u05-meaning-butter,meaning,butter,"ném, quăng | cá (để ăn) | bơ | bánh mì",bơ,,She spread butter on the toast.,Cô ấy phết bơ lên bánh mì nướng.,"cefrj,gymtalk-vocab",
,A1,a1-u05,a1-u05-meaning-cake,meaning,cake,"thịt bò | bánh ngọt | ném, quăng | ngô",bánh ngọt,,They made a cake for her birthday.,Họ làm một chiếc bánh ngọt cho sinh nhật cô ấy.,"cefrj,gymtalk-vocab",
yes,A1,a1-u05,a1-u05-meaning-candy,meaning,candy,"kẹo | ngon | nói, kể | bơ",kẹo,,The children shared a bag of candy.,Bọn trẻ chia nhau túi kẹo.,"cefrj,gymtalk-vocab",
,A1,a1-u05,a1-u05-meaning-chicken,meaning,chicken,"bánh ngọt | thịt gà | quay, xoay | ngon",thịt gà,,We had grilled chicken for dinner.,Chúng tôi ăn gà nướng cho bữa tối.,"cefrj,gymtalk-vocab",
,A1,a1-u05,a1-u05-meaning-corn,meaning,corn,"ngô | ném, quăng | bánh quy | cá (để ăn)",ngô,,They grilled corn at the barbecue.,Họ nướng ngô trong bữa tiệc nướng.,"cefrj,gymtalk-vocab",
,A1,a1-u05,a1-u05-meaning-delicious,meaning,delicious,ngô | bánh ngọt | ngon | bơ,ngon,,This soup is absolutely delicious.,Món súp này thực sự rất ngon.,"cefrj,gymtalk-vocab",
,A1,a1-u05,a1-u05-meaning-egg,meaning,egg,"trứng | ngon | bánh quy | nói, kể",trứng,,He fried an egg for breakfast.,Anh ấy chiên một quả trứng cho bữa sáng.,"cefrj,gymtalk-vocab",
,A1,a1-u05,a1-u05-meaning-fish,meaning,fish,"bánh mì | ném, quăng | nói, kể | cá (để ăn)",cá (để ăn),,She steamed the fish with ginger.,Cô ấy hấp cá với gừng.,"cefrj,gymtalk-vocab",
,A1,a1-u05,a1-u05-meaning-full,meaning,full,kẹo | ngô | no | ngon,no,,I feel full after that big meal.,Tôi thấy no sau bữa ăn lớn đó.,"cefrj,gymtalk-vocab",
,A1,a1-u05,a1-u05-gapFill-tell,gapFill,Did you ___ her?,full | tell | corn | butter,tell,Bạn đã nói với cô ấy chưa?,She told us an interesting story.,Cô ấy kể cho chúng tôi một câu chuyện thú vị.,"cefrj,tatoeba",
,A1,a1-u05,a1-u05-listening-throw,listening,throw,biscuit | throw | cake | egg,throw,,He threw the ball to his friend.,Anh ấy ném bóng cho bạn.,"cefrj,gymtalk-vocab",
,A1,a1-u05,a1-u05-wordScramble-turn,wordScramble,turn,turn,turn,"quay, xoay",Turn the key to open the door.,Xoay chìa khóa để mở cửa.,"cefrj,gymtalk-vocab",
,A1,a1-u05,a1-u05-gapFill-beef,gapFill,I prefer mutton to ___.,delicious | corn | beef | tell,beef,Tôi thích thịt cừu hơn thịt bò.,We had grilled beef for dinner.,Chúng tôi ăn thịt bò nướng cho bữa tối.,"cefrj,tatoeba",
yes,A1,a1-u05,a1-u05-listening-biscuit,listening,biscuit,biscuit | delicious | butter | cake,biscuit,,She dipped a biscuit in her tea.,Cô ấy chấm bánh quy vào trà.,"cefrj,gymtalk-vocab",
,A1,a1-u05,a1-u05-wordScramble-bread,wordScramble,bread,bread,bread,bánh mì,He buys fresh bread every morning.,Anh ấy mua bánh mì tươi mỗi sáng.,"cefrj,gymtalk-vocab",
,A1,a1-u05,a1-u05-gapFill-butter,gapFill,We're out of ___.,egg | full | delicious | butter,butter,Chúng ta đã hết bơ.,She spread butter on the toast.,Cô ấy phết bơ lên bánh mì nướng.,"cefrj,tatoeba",
yes,A1,a1-u05,a1-u05-listening-cake,listening,cake,bread | cake | corn | beef,cake,,They made a cake for her birthday.,Họ làm một chiếc bánh ngọt cho sinh nhật cô ấy.,"cefrj,gymtalk-vocab",
,A1,a1-u05,a1-u05-wordScramble-candy,wordScramble,candy,candy,candy,kẹo,The children shared a bag of candy.,Bọn trẻ chia nhau túi kẹo.,"cefrj,gymtalk-vocab",
,A1,a1-u05,a1-u05-gapFill-chicken,gapFill,She bought a ___.,biscuit | chicken | beef | fish,chicken,Cô ấy đã mua một con gà.,We had grilled chicken for dinner.,Chúng tôi ăn gà nướng cho bữa tối.,"cefrj,tatoeba",
yes,A1,a1-u05,a1-u05-listening-corn,listening,corn,candy | biscuit | tell | corn,corn,,They grilled corn at the barbecue.,Họ nướng ngô trong bữa tiệc nướng.,"cefrj,gymtalk-vocab",
yes,A1,a1-u05,a1-u05-wordScramble-delicious,wordScramble,delicious,delicious,delicious,ngon,This soup is absolutely delicious.,Món súp này thực sự rất ngon.,"cefrj,gymtalk-vocab",
,A1,a1-u05,a1-u05-gapFill-egg,gapFill,I love ___ yolks.,candy | egg | bread | full,egg,Tôi thích lòng đỏ trứng.,He fried an egg for breakfast.,Anh ấy chiên một quả trứng cho bữa sáng.,"cefrj,tatoeba",
,A1,a1-u05,a1-u05-listening-fish,listening,fish,cake | butter | egg | fish,fish,,She steamed the fish with ginger.,Cô ấy hấp cá với gừng.,"cefrj,gymtalk-vocab",
,A1,a1-u05,a1-u05-wordScramble-full,wordScramble,full,full,full,no,I feel full after that big meal.,Tôi thấy no sau bữa ăn lớn đó.,"cefrj,gymtalk-vocab",
,A1,a1-u05,a1-u05-grammar-can-ability-1,grammar,I can ___ ten push-ups.,do | does | doing | to do,do,can + động từ nguyên mẫu để nói ai đó làm được gì; phủ định là can't.,,,gymtalk-grammar,
,A1,a1-u05,a1-u05-grammar-can-ability-2,grammar,She ___ swim very fast.,can | cans | can to | is can,can,can + động từ nguyên mẫu để nói ai đó làm được gì; phủ định là can't.,,,gymtalk-grammar,
,A1,a1-u05,a1-u05-grammar-can-ability-3,grammar,"My knee hurts, so I ___ run today.",can't | don't can | not can | cannot to,can't,can + động từ nguyên mẫu để nói ai đó làm được gì; phủ định là can't.,,,gymtalk-grammar,
,A1,a1-u06,a1-u06-meaning-lunch,meaning,lunch,"bữa ăn trưa | bánh mì sandwich | trà | súp, canh",bữa ăn trưa,,We usually have lunch at noon.,Chúng tôi thường ăn trưa vào buổi trưa.,"cefrj,gymtalk-vocab",
,A1,a1-u06,a1-u06-meaning-potato,meaning,potato,nước | món salad | cà chua | khoai tây,khoai tây,,She boiled potato for the salad.,Cô ấy luộc khoai tây cho món salad.,"cefrj,gymtalk-vocab",
,A1,a1-u06,a1-u06-meaning-rice,meaning,rice,"cà chua | món salad | cơm, gạo | nước ép","cơm, gạo",,Rice is the main food in Vietnamese meals.,Cơm là món ăn chính trong bữa ăn của người Việt.,"cefrj,gymtalk-vocab",
,A1,a1-u06,a1-u06-meaning-salad,meaning,salad,món salad | đường | nước ép | sữa,món salad,,He ordered a chicken salad.,Anh ấy gọi món salad gà.,"cefrj,gymtalk-vocab",
,A1,a1-u06,a1-u06-meaning-sandwich,meaning,sandwich,"bánh mì sandwich | nước ép | cơm, gạo | trà",bánh mì sandwich,,She made a sandwich for the picnic.,Cô ấy làm bánh mì sandwich cho buổi dã ngoại.,"cefrj,gymtalk-vocab",
,A1,a1-u06,a1-u06-meaning-soup,meaning,soup,"cơm, gạo | sữa chua | súp, canh | cà phê","súp, canh",,She made vegetable soup for lunch.,Cô ấy nấu súp rau cho bữa trưa.,"cefrj,gymtalk-vocab",
,A1,a1-u06,a1-u06-meaning-sugar,meaning,sugar,"sữa | đường | súp, canh | bữa ăn trưa",đường,,She added two spoons of sugar to her tea.,Cô ấy cho hai muỗng đường vào trà.,"cefrj,gymtalk-vocab",
,A1,a1-u06,a1-u06-meaning-sweet,meaning,sweet,cà chua | ngọt | bữa ăn trưa | món salad,ngọt,,This cake is too sweet for me.,Chiếc bánh này quá ngọt đối với tôi.,"cefrj,gymtalk-vocab",
,A1,a1-u06,a1-u06-meaning-tomato,meaning,tomato,nước ép | cà phê | cà chua | đường,cà chua,,She added tomato to the salad.,Cô ấy cho cà chua vào món salad.,"cefrj,gymtalk-vocab",
,A1,a1-u06,a1-u06-meaning-yoghurt,meaning,yoghurt,"cơm, gạo | trà | cà phê | sữa chua",sữa chua,,She eats yoghurt with fruit every morning.,Cô ấy ăn sữa chua với trái cây mỗi sáng.,"cefrj,gymtalk-vocab",
,A1,a1-u06,a1-u06-meaning-coffee,meaning,coffee,"sữa | cơm, gạo | súp, canh | cà phê",cà phê,,I drink coffee every morning.,Tôi uống cà phê mỗi sáng.,"cefrj,gymtalk-vocab",
,A1,a1-u06,a1-u06-meaning-juice,meaning,juice,nước ép | khoai tây | cà phê | sữa,nước ép,,She squeezed fresh orange juice.,Cô ấy ép nước cam tươi.,"cefrj,gymtalk-vocab",
yes,A1,a1-u06,a1-u06-meaning-milk,meaning,milk,"sữa chua | súp, canh | trà | sữa",sữa,,She drinks a glass of milk every morning.,Cô ấy uống một ly sữa mỗi sáng.,"cefrj,gymtalk-vocab",
yes,A1,a1-u06,a1-u06-meaning-tea,meaning,tea,"bánh mì sandwich | trà | sữa | cơm, gạo",trà,,He prefers tea over coffee.,Anh ấy thích trà hơn cà phê.,"cefrj,gymtalk-vocab",
,A1,a1-u06,a1-u06-meaning-water,meaning,water,"súp, canh | nước | cà chua | nước ép",nước,,Drink plenty of water every day.,Hãy uống nhiều nước mỗi ngày.,"cefrj,gymtalk-vocab",
,A1,a1-u06,a1-u06-gapFill-lunch,gapFill,I make ___ every day.,tomato | yoghurt | sweet | lunch,lunch,Tôi làm bữa trưa mỗi ngày,We usually have lunch at noon.,Chúng tôi thường ăn trưa vào buổi trưa.,"cefrj,tatoeba",
,A1,a1-u06,a1-u06-listening-potato,listening,potato,sugar | sweet | potato | yoghurt,potato,,She boiled potato for the salad.,Cô ấy luộc khoai tây cho món salad.,"cefrj,gymtalk-vocab",
,A1,a1-u06,a1-u06-wordScramble-rice,wordScramble,rice,rice,rice,"cơm, gạo",Rice is the main food in Vietnamese meals.,Cơm là món ăn chính trong bữa ăn của người Việt.,"cefrj,gymtalk-vocab",
,A1,a1-u06,a1-u06-gapFill-salad,gapFill,I bought a bottle of ___ oil.,salad | rice | soup | tomato,salad,Tôi đã mua một chai dầu sa-lát.,He ordered a chicken salad.,Anh ấy gọi món salad gà.,"cefrj,tatoeba",
,A1,a1-u06,a1-u06-listening-sandwich,listening,sandwich,sandwich | juice | salad | yoghurt,sandwich,,She made a sandwich for the picnic.,Cô ấy làm bánh mì sandwich cho buổi dã ngoại.,"cefrj,gymtalk-vocab",
,A1,a1-u06,a1-u06-wordScramble-soup,wordScramble,soup,soup,soup,"súp, canh",She made vegetable soup for lunch.,Cô ấy nấu súp rau cho bữa trưa.,"cefrj,gymtalk-vocab",
,A1,a1-u06,a1-u06-gapFill-sugar,gapFill,Is ___ a poison?,yoghurt | sugar | coffee | sandwich,sugar,Đường có phải chất độc không?,She added two spoons of sugar to her tea.,Cô ấy cho hai muỗng đường vào trà.,"cefrj,tatoeba",
,A1,a1-u06,a1-u06-listening-sweet,listening,sweet,salad | tomato | sweet | soup,sweet,,This cake is too sweet for me.,Chiếc bánh này quá ngọt đối với tôi.,"cefrj,gymtalk-vocab",
,A1,a1-u06,a1-u06-wordScramble-tomato,wordScramble,tomato,tomato,tomato,cà chua,She added tomato to the salad.,Cô ấy cho cà chua vào món salad.,"cefrj,gymtalk-vocab",
,A1,a1-u06,a1-u06-gapFill-yoghurt,gapFill,She eats ___ with fruit every morning.,sugar | yoghurt | coffee | water,yoghurt,Cô ấy ăn sữa chua với trái cây mỗi sáng.,She eats yoghurt with fruit every morning.,Cô ấy ăn sữa chua với trái cây mỗi sáng.,"cefrj,gymtalk-vocab",
,A1,a1-u06,a1-u06-listening-coffee,listening,coffee,coffee | water | yoghurt | sugar,coffee,,I drink coffee every morning.,Tôi uống cà phê mỗi sáng.,"cefrj,gymtalk-vocab",
yes,A1,a1-u06,a1-u06-wordScramble-juice,wordScramble,juice,juice,juice,nước ép,She squeezed fresh orange juice.,Cô ấy ép nước cam tươi.,"cefrj,gymtalk-vocab",
,A1,a1-u06,a1-u06-gapFill-milk,gapFill,Ziri loves warm ___.,salad | milk | lunch | tomato,milk,Ziri thích sữa ấm.,She drinks a glass of milk every morning.,Cô ấy uống một ly sữa mỗi sáng.,"cefrj,tatoeba",
,A1,a1-u06,a1-u06-listening-tea,listening,tea,juice | tea | potato | rice,tea,,He prefers tea over coffee.,Anh ấy thích trà hơn cà phê.,"cefrj,gymtalk-vocab",
,A1,a1-u06,a1-u06-wordScramble-water,wordScramble,water,water,water,nước,Drink plenty of water every day.,Hãy uống nhiều nước mỗi ngày.,"cefrj,gymtalk-vocab",
,A1,a1-u06,a1-u06-grammar-imperatives-1,grammar,___ your back straight.,Keep | Keeps | Keeping | To keep,Keep,"Dùng động từ nguyên mẫu đứng đầu câu để ra lệnh, hướng dẫn; phủ định dùng Don't.",,,gymtalk-grammar,
,A1,a1-u06,a1-u06-grammar-imperatives-2,grammar,___ hold your breath.,Don't | Doesn't | Not | No,Don't,"Dùng động từ nguyên mẫu đứng đầu câu để ra lệnh, hướng dẫn; phủ định dùng Don't.",,,gymtalk-grammar,
,A1,a1-u06,a1-u06-grammar-imperatives-3,grammar,___ slowly and count to three.,Breathe | Breathes | Breathing | Breathed,Breathe,"Dùng động từ nguyên mẫu đứng đầu câu để ra lệnh, hướng dẫn; phủ định dùng Don't.",,,gymtalk-grammar,
,A1,a1-u07,a1-u07-meaning-after,meaning,after,sau khi | buổi tối | đồng hồ (treo tường) | buổi chiều,sau khi,,We went for a walk after dinner.,Chúng tôi đi dạo sau bữa tối.,"cefrj,gymtalk-vocab",
,A1,a1-u07,a1-u07-meaning-afternoon,meaning,afternoon,"sớm | buổi chiều | buổi tối | khoảnh khắc, lát",buổi chiều,,We have a meeting this afternoon.,Chúng tôi có cuộc họp chiều nay.,"cefrj,gymtalk-vocab",
yes,A1,a1-u07,a1-u07-meaning-ago,meaning,ago,"sau khi | lúc sau, muộn hơn | trước đây, cách đây | phút","trước đây, cách đây",,They moved here two years ago.,Họ chuyển đến đây hai năm trước.,"cefrj,gymtalk-vocab",
,A1,a1-u07,a1-u07-meaning-always,meaning,always,"tháng | sau khi | tiếng, giờ | luôn luôn",luôn luôn,,She always arrives on time.,Cô ấy luôn đến đúng giờ.,"cefrj,gymtalk-vocab",
,A1,a1-u07,a1-u07-meaning-before,meaning,before,"trước khi | phút | trước đây, cách đây | tháng",trước khi,,Wash your hands before eating.,Hãy rửa tay trước khi ăn.,"cefrj,gymtalk-vocab",
,A1,a1-u07,a1-u07-meaning-clock,meaning,clock,"tiếng, giờ | buổi sáng | đồng hồ (treo tường) | muộn, trễ",đồng hồ (treo tường),,The clock on the wall stopped ticking.,Chiếc đồng hồ trên tường ngừng chạy.,"cefrj,gymtalk-vocab",
,A1,a1-u07,a1-u07-meaning-early,meaning,early,buổi tối | luôn luôn | sớm | buổi sáng,sớm,,She woke up early to catch the flight.,Cô ấy dậy sớm để kịp chuyến bay.,"cefrj,gymtalk-vocab",
,A1,a1-u07,a1-u07-meaning-evening,meaning,evening,"buổi tối | tiếng, giờ | luôn luôn | khoảnh khắc, lát",buổi tối,,They usually have dinner in the evening.,Họ thường ăn tối vào buổi tối.,"cefrj,gymtalk-vocab",
,A1,a1-u07,a1-u07-meaning-hour,meaning,hour,"sớm | tiếng, giờ | muộn, trễ | buổi tối","tiếng, giờ",,It takes an hour to drive there.,Mất một tiếng để lái xe đến đó.,"cefrj,gymtalk-vocab",
,A1,a1-u07,a1-u07-meaning-late,meaning,late,"tháng | buổi sáng | muộn, trễ | tiếng, giờ","muộn, trễ",,He arrived late to the meeting.,Anh ấy đến buổi họp muộn.,"cefrj,gymtalk-vocab",
,A1,a1-u07,a1-u07-meaning-later,meaning,later,"lúc sau, muộn hơn | đồng hồ (treo tường) | buổi chiều | tiếng, giờ","lúc sau, muộn hơn",,,Tôi sẽ gọi cho bạn sau tối nay.,"cefrj,gymtalk-vocab",
,A1,a1-u07,a1-u07-meaning-minute,meaning,minute,"tiếng, giờ | buổi chiều | lúc sau, muộn hơn | phút",phút,,The meeting will start in ten minutes.,Cuộc họp sẽ bắt đầu sau mười phút.,"cefrj,gymtalk-vocab",
,A1,a1-u07,a1-u07-meaning-moment,meaning,moment,"tháng | trước đây, cách đây | khoảnh khắc, lát | đồng hồ (treo tường)","khoảnh khắc, lát",,Please wait a moment.,Vui lòng chờ một chút.,"cefrj,gymtalk-vocab",
,A1,a1-u07,a1-u07-meaning-month,meaning,month,"trước đây, cách đây | tháng | sau khi | phút",tháng,,She started her new job last month.,Cô ấy bắt đầu công việc mới tháng trước.,"cefrj,gymtalk-vocab",
,A1,a1-u07,a1-u07-meaning-morning,meaning,morning,"tháng | buổi sáng | trước đây, cách đây | khoảnh khắc, lát",buổi sáng,,She jogs every morning before work.,Cô ấy chạy bộ mỗi sáng trước khi đi làm.,"cefrj,gymtalk-vocab",
,A1,a1-u07,a1-u07-gapFill-after,gapFill,"___ that, I get up.",after | late | moment | ago,after,"Sau đó, tôi thức dậy.",We went for a walk after dinner.,Chúng tôi đi dạo sau bữa tối.,"cefrj,tatoeba",
,A1,a1-u07,a1-u07-listening-afternoon,listening,afternoon,evening | afternoon | later | always,afternoon,,We have a meeting this afternoon.,Chúng tôi có cuộc họp chiều nay.,"cefrj,gymtalk-vocab",
,A1,a1-u07,a1-u07-wordScramble-ago,wordScramble,ago,ago,ago,"trước đây, cách đây",They moved here two years ago.,Họ chuyển đến đây hai năm trước.,"cefrj,gymtalk-vocab",
,A1,a1-u07,a1-u07-gapFill-always,gapFill,She is ___ busy.,afternoon | early | always | before,always,Chị ấy lúc nào cũng rất bận.,She always arrives on time.,Cô ấy luôn đến đúng giờ.,"cefrj,tatoeba",
,A1,a1-u07,a1-u07-listening-before,listening,before,after | before | morning | hour,before,,Wash your hands before eating.,Hãy rửa tay trước khi ăn.,"cefrj,gymtalk-vocab",
yes,A1,a1-u07,a1-u07-wordScramble-clock,wordScramble,clock,clock,clock,đồng hồ (treo tường),The clock on the wall stopped ticking.,Chiếc đồng hồ trên tường ngừng chạy.,"cefrj,gymtalk-vocab",
,A1,a1-u07,a1-u07-gapFill-early,gapFill,She got up ___.,early | after | month | moment,early,Cô ấy dậy sớm.,She woke up early to catch the flight.,Cô ấy dậy sớm để kịp chuyến bay.,"cefrj,tatoeba",
,A1,a1-u07,a1-u07-listening-evening,listening,evening,hour | evening | early | before,evening,,They usually have dinner in the evening.,Họ thường ăn tối vào buổi tối.,"cefrj,gymtalk-vocab",
,A1,a1-u07,a1-u07-wordScramble-hour,wordScramble,hour,hour,hour,"tiếng, giờ",It takes an hour to drive there.,Mất một tiếng để lái xe đến đó.,"cefrj,gymtalk-vocab",
,A1,a1-u07,a1-u07-gapFill-late,gapFill,Why is he ___?,clock | evening | moment | late,late,Sao anh ấy trễ vậy?,He arrived late to the meeting.,Anh ấy đến buổi họp muộn.,"cefrj,tatoeba",
,A1,a1-u07,a1-u07-listening-later,listening,later,later | evening | morning | always,later,,,Tôi sẽ gọi cho bạn sau tối nay.,"cefrj,gymtalk-vocab",
,A1,a1-u07,a1-u07-wordScramble-minute,wordScramble,minute,minute,minute,phút,The meeting will start in ten minutes.,Cuộc họp sẽ bắt đầu sau mười phút.,"cefrj,gymtalk-vocab",
yes,A1,a1-u07,a1-u07-gapFill-moment,gapFill,Can I have a ___?,moment | later | late | clock,moment,Cho tôi chút thời gian được không?,Please wait a moment.,Vui lòng chờ một chút.,"cefrj,tatoeba",
,A1,a1-u07,a1-u07-listening-month,listening,month,always | month | minute | ago,month,,She started her new job last month.,Cô ấy bắt đầu công việc mới tháng trước.,"cefrj,gymtalk-vocab",
,A1,a1-u07,a1-u07-wordScramble-morning,wordScramble,morning,morning,morning,buổi sáng,She jogs every morning before work.,Cô ấy chạy bộ mỗi sáng trước khi đi làm.,"cefrj,gymtalk-vocab",
,A1,a1-u07,a1-u07-grammar-there-is-are-1,grammar,There ___ a new bike in the gym.,is | are | am | be,is,There is + danh từ số ít; There are + danh từ số nhiều: dùng để nói có cái gì ở đâu.,,,gymtalk-grammar,
,A1,a1-u07,a1-u07-grammar-there-is-are-2,grammar,There ___ many mats on the floor.,are | is | am | has,are,There is + danh từ số ít; There are + danh từ số nhiều: dùng để nói có cái gì ở đâu.,,,gymtalk-grammar,
yes,A1,a1-u07,a1-u07-grammar-there-is-are-3,grammar,There ___ a towel on the bench.,is | are | have | has,is,There is + danh từ số ít; There are + danh từ số nhiều: dùng để nói có cái gì ở đâu.,,,gymtalk-grammar,
,A1,a1-u08,a1-u08-meaning-never,meaning,never,"khuy áo, cúc áo | sớm, chẳng bao lâu nữa | không bao giờ | thường xuyên",không bao giờ,,He never gives up.,Anh ấy không bao giờ bỏ cuộc.,"cefrj,gymtalk-vocab",
,A1,a1-u08,a1-u08-meaning-now,meaning,now,"bây giờ | sớm, chẳng bao lâu nữa | khuy áo, cúc áo | không bao giờ",bây giờ,,I need to leave now.,Tôi cần phải đi bây giờ.,"cefrj,gymtalk-vocab",
,A1,a1-u08,a1-u08-meaning-often,meaning,often,thường xuyên | bây giờ | năm | không bao giờ,thường xuyên,,She often visits her grandparents.,Cô ấy thường xuyên đến thăm ông bà.,"cefrj,gymtalk-vocab",
,A1,a1-u08,a1-u08-meaning-second,meaning,second,"giây | thường xuyên | bây giờ | sớm, chẳng bao lâu nữa",giây,,"Wait a second, I need to check my bag.","Chờ một giây, tôi cần kiểm tra túi của mình.","cefrj,gymtalk-vocab",
,A1,a1-u08,a1-u08-meaning-soon,meaning,soon,"giây | thường thì | sớm, chẳng bao lâu nữa | năm","sớm, chẳng bao lâu nữa",,The bus should arrive soon.,Xe buýt sẽ sớm đến thôi.,"cefrj,gymtalk-vocab",
,A1,a1-u08,a1-u08-meaning-today,meaning,today,hôm nay | bây giờ | giây | hôm qua,hôm nay,,What are you doing today?,Hôm nay bạn làm gì?,"cefrj,gymtalk-vocab",
,A1,a1-u08,a1-u08-meaning-tomorrow,meaning,tomorrow,thường xuyên | cuối tuần | ngày mai | hôm nay,ngày mai,,We will leave for the trip tomorrow.,Chúng tôi sẽ khởi hành chuyến đi vào ngày mai.,"cefrj,gymtalk-vocab",
,A1,a1-u08,a1-u08-meaning-until,meaning,until,cho đến khi | không bao giờ | tạp dề | hôm nay,cho đến khi,,,Tôi sẽ chờ cho đến khi bạn xong.,"cefrj,gymtalk-vocab",
,A1,a1-u08,a1-u08-meaning-usually,meaning,usually,"hôm qua | không bao giờ | thường thì | sớm, chẳng bao lâu nữa",thường thì,,I usually wake up at six.,Tôi thường thức dậy lúc sáu giờ.,"cefrj,gymtalk-vocab",
,A1,a1-u08,a1-u08-meaning-week,meaning,week,tuần | ngày mai | năm | cho đến khi,tuần,,We will meet again next week.,Chúng ta sẽ gặp lại vào tuần tới.,"cefrj,gymtalk-vocab",
yes,A1,a1-u08,a1-u08-meaning-weekend,meaning,weekend,năm | bây giờ | cuối tuần | cho đến khi,cuối tuần,,We are going hiking this weekend.,Cuối tuần này chúng tôi sẽ đi leo núi.,"cefrj,gymtalk-vocab",
yes,A1,a1-u08,a1-u08-meaning-year,meaning,year,năm | tạp dề | thường thì | thường xuyên,năm,,They moved here two years ago.,Họ chuyển đến đây hai năm trước.,"cefrj,gymtalk-vocab",
yes,A1,a1-u08,a1-u08-meaning-yesterday,meaning,yesterday,hôm qua | năm | giây | ngày mai,hôm qua,,I met her yesterday at the market.,Tôi gặp cô ấy hôm qua ở chợ.,"cefrj,gymtalk-vocab",
,A1,a1-u08,a1-u08-meaning-apron,meaning,apron,hôm nay | thường xuyên | năm | tạp dề,tạp dề,,The chef put on an apron before cooking.,Đầu bếp mặc tạp dề trước khi nấu ăn.,"cefrj,gymtalk-vocab",
,A1,a1-u08,a1-u08-meaning-button,meaning,button,"hôm nay | sớm, chẳng bao lâu nữa | cho đến khi | khuy áo, cúc áo","khuy áo, cúc áo",,A button fell off his shirt.,Một chiếc khuy áo bị rơi khỏi áo sơ mi của anh ấy.,"cefrj,gymtalk-vocab",
,A1,a1-u08,a1-u08-gapFill-never,gapFill,I will ___ ask.,never | now | year | yesterday,never,Bạn không bao giờ hỏi.,He never gives up.,Anh ấy không bao giờ bỏ cuộc.,"cefrj,tatoeba",
,A1,a1-u08,a1-u08-listening-now,listening,now,usually | now | button | apron,now,,I need to leave now.,Tôi cần phải đi bây giờ.,"cefrj,gymtalk-vocab",
,A1,a1-u08,a1-u08-wordScramble-often,wordScramble,often,often,often,thường xuyên,She often visits her grandparents.,Cô ấy thường xuyên đến thăm ông bà.,"cefrj,gymtalk-vocab",
,A1,a1-u08,a1-u08-gapFill-second,gapFill,"Hey, wait a ___.",second | yesterday | usually | never,second,"Này, chờ tí đã.","Wait a second, I need to check my bag.","Chờ một giây, tôi cần kiểm tra túi của mình.","cefrj,tatoeba",
,A1,a1-u08,a1-u08-listening-soon,listening,soon,often | soon | second | tomorrow,soon,,The bus should arrive soon.,Xe buýt sẽ sớm đến thôi.,"cefrj,gymtalk-vocab",
,A1,a1-u08,a1-u08-wordScramble-today,wordScramble,today,today,today,hôm nay,What are you doing today?,Hôm nay bạn làm gì?,"cefrj,gymtalk-vocab",
,A1,a1-u08,a1-u08-gapFill-tomorrow,gapFill,Let's do it ___.,button | now | tomorrow | week,tomorrow,Hãy cùng làm vào ngày mai.,We will leave for the trip tomorrow.,Chúng tôi sẽ khởi hành chuyến đi vào ngày mai.,"cefrj,tatoeba",
,A1,a1-u08,a1-u08-listening-until,listening,until,weekend | week | today | until,until,,,Tôi sẽ chờ cho đến khi bạn xong.,"cefrj,gymtalk-vocab",
,A1,a1-u08,a1-u08-wordScramble-usually,wordScramble,usually,usually,usually,thường thì,I usually wake up at six.,Tôi thường thức dậy lúc sáu giờ.,"cefrj,gymtalk-vocab",
yes,A1,a1-u08,a1-u08-gapFill-week,gapFill,It rained all ___.,weekend | apron | week | button,week,Trời đã mưa cả tuần.,We will meet again next week.,Chúng ta sẽ gặp lại vào tuần tới.,"cefrj,tatoeba",
,A1,a1-u08,a1-u08-listening-weekend,listening,weekend,year | yesterday | usually | weekend,weekend,,We are going hiking this weekend.,Cuối tuần này chúng tôi sẽ đi leo núi.,"cefrj,gymtalk-vocab",
,A1,a1-u08,a1-u08-wordScramble-year,wordScramble,year,year,year,năm,They moved here two years ago.,Họ chuyển đến đây hai năm trước.,"cefrj,gymtalk-vocab",
,A1,a1-u08,a1-u08-gapFill-yesterday,gapFill,I ate fish ___.,usually | until | soon | yesterday,yesterday,Hôm qua tôi ăn cá.,I met her yesterday at the market.,Tôi gặp cô ấy hôm qua ở chợ.,"cefrj,tatoeba",
,A1,a1-u08,a1-u08-listening-apron,listening,apron,button | often | apron | year,apron,,The chef put on an apron before cooking.,Đầu bếp mặc tạp dề trước khi nấu ăn.,"cefrj,gymtalk-vocab",
,A1,a1-u08,a1-u08-wordScramble-button,wordScramble,button,button,button,"khuy áo, cúc áo",A button fell off his shirt.,Một chiếc khuy áo bị rơi khỏi áo sơ mi của anh ấy.,"cefrj,gymtalk-vocab",
,A1,a1-u08,a1-u08-grammar-possessive-adjectives-1,grammar,She forgot ___ water bottle.,her | she | hers | he,her,"Đứng trước danh từ để chỉ của ai: I → my, you → your, he → his, she → her, we → our, they → their.",,,gymtalk-grammar,
,A1,a1-u08,a1-u08-grammar-possessive-adjectives-2,grammar,We put ___ bags in the locker.,our | us | we | ours,our,"Đứng trước danh từ để chỉ của ai: I → my, you → your, he → his, she → her, we → our, they → their.",,,gymtalk-grammar,
,A1,a1-u08,a1-u08-grammar-possessive-adjectives-3,grammar,He is stretching ___ arms.,his | him | he | he's,his,"Đứng trước danh từ để chỉ của ai: I → my, you → your, he → his, she → her, we → our, they → their.",,,gymtalk-grammar,
,A1,a1-u09,a1-u09-meaning-cap,meaning,cap,"mũ lưỡi trai | áo phông | chật, bó sát | túi (quần/áo)",mũ lưỡi trai,,He wore a baseball cap backwards.,Anh ấy đội mũ lưỡi trai ngược ra sau.,"cefrj,gymtalk-vocab",
,A1,a1-u09,a1-u09-meaning-coat,meaning,coat,"váy | nhiều mây | quần jeans | áo choàng, áo khoác dài","áo choàng, áo khoác dài",,She put on her coat before going outside.,Cô ấy mặc áo choàng trước khi ra ngoài.,"cefrj,gymtalk-vocab",
,A1,a1-u09,a1-u09-meaning-dress,meaning,dress,"áo choàng, áo khoác dài | chật, bó sát | lạnh | váy liền, đầm","váy liền, đầm",,She bought a new dress for the party.,Cô ấy mua một chiếc đầm mới cho buổi tiệc.,"cefrj,gymtalk-vocab",
,A1,a1-u09,a1-u09-meaning-hat,meaning,hat,"mũ | áo phông | áo sơ mi | chật, bó sát",mũ,,He wore a hat to block the sun.,Anh ấy đội mũ để che nắng.,"cefrj,gymtalk-vocab",
,A1,a1-u09,a1-u09-meaning-jacket,meaning,jacket,"áo khoác | chật, bó sát | mũ lưỡi trai | nhiều mây",áo khoác,,"Bring a jacket, it might get cold.",Mang theo áo khoác vì trời có thể lạnh.,"cefrj,gymtalk-vocab",
,A1,a1-u09,a1-u09-meaning-jeans,meaning,jeans,quần jeans | váy | lạnh | áo phông,quần jeans,,These jeans fit me perfectly.,Chiếc quần jeans này vừa vặn với tôi.,"cefrj,gymtalk-vocab",
,A1,a1-u09,a1-u09-meaning-pocket,meaning,pocket,túi (quần/áo) | mùa thu | áo sơ mi | áo khoác,túi (quần/áo),,He put his keys in his pocket.,Anh ấy bỏ chìa khóa vào túi quần.,"cefrj,gymtalk-vocab",
,A1,a1-u09,a1-u09-meaning-shirt,meaning,shirt,mùa thu | mũ | áo sơ mi | mũ lưỡi trai,áo sơ mi,,He is wearing a white shirt.,Anh ấy đang mặc áo sơ mi trắng.,"cefrj,gymtalk-vocab",
,A1,a1-u09,a1-u09-meaning-skirt,meaning,skirt,mũ lưỡi trai | váy | mùa thu | túi (quần/áo),váy,,She wore a long skirt to the event.,Cô ấy mặc một chiếc váy dài đến sự kiện.,"cefrj,gymtalk-vocab",
,A1,a1-u09,a1-u09-meaning-t-shirt,meaning,t-shirt,"váy liền, đầm | áo khoác | váy | áo phông",áo phông,,He wore a plain t-shirt and jeans.,Anh ấy mặc áo phông trơn và quần jeans.,"cefrj,gymtalk-vocab",
,A1,a1-u09,a1-u09-meaning-tight,meaning,tight,"mũ lưỡi trai | áo phông | chật, bó sát | áo choàng, áo khoác dài","chật, bó sát",,These shoes are too tight for me.,Đôi giày này quá chật đối với tôi.,"cefrj,gymtalk-vocab",
,A1,a1-u09,a1-u09-meaning-trousers,meaning,trousers,nhiều mây | quần jeans | quần dài | túi (quần/áo),quần dài,,These trousers are too long for me.,Chiếc quần này quá dài đối với tôi.,"cefrj,gymtalk-vocab",
yes,A1,a1-u09,a1-u09-meaning-autumn,meaning,autumn,"quần jeans | váy | áo choàng, áo khoác dài | mùa thu",mùa thu,,The leaves turn orange in autumn.,Lá cây chuyển màu cam vào mùa thu.,"cefrj,gymtalk-vocab",
,A1,a1-u09,a1-u09-meaning-cloudy,meaning,cloudy,nhiều mây | mùa thu | mũ lưỡi trai | áo phông,nhiều mây,,The sky is cloudy this afternoon.,Bầu trời nhiều mây vào chiều nay.,"cefrj,gymtalk-vocab",
yes,A1,a1-u09,a1-u09-meaning-cold,meaning,cold,"váy liền, đầm | nhiều mây | mũ | lạnh",lạnh,,It gets cold in the mountains at night.,Trên núi trời trở lạnh vào ban đêm.,"cefrj,gymtalk-vocab",
,A1,a1-u09,a1-u09-gapFill-cap,gapFill,He wore a ___ on his head.,dress | jacket | autumn | cap,cap,Anh ấy đã đội một chiếc mũ lưỡi trai trên đầu.,He wore a baseball cap backwards.,Anh ấy đội mũ lưỡi trai ngược ra sau.,"cefrj,tatoeba",
,A1,a1-u09,a1-u09-listening-coat,listening,coat,autumn | cloudy | coat | cap,coat,,She put on her coat before going outside.,Cô ấy mặc áo choàng trước khi ra ngoài.,"cefrj,gymtalk-vocab",
yes,A1,a1-u09,a1-u09-wordScramble-dress,wordScramble,dress,dress,dress,"váy liền, đầm",She bought a new dress for the party.,Cô ấy mua một chiếc đầm mới cho buổi tiệc.,"cefrj,gymtalk-vocab",
,A1,a1-u09,a1-u09-gapFill-hat,gapFill,She chose a ___.,hat | skirt | autumn | jeans,hat,Cô ấy đã chọn một cái nón.,He wore a hat to block the sun.,Anh ấy đội mũ để che nắng.,"cefrj,tatoeba",
,A1,a1-u09,a1-u09-listening-jacket,listening,jacket,jacket | skirt | autumn | shirt,jacket,,"Bring a jacket, it might get cold.",Mang theo áo khoác vì trời có thể lạnh.,"cefrj,gymtalk-vocab",
,A1,a1-u09,a1-u09-wordScramble-jeans,wordScramble,jeans,jeans,jeans,quần jeans,These jeans fit me perfectly.,Chiếc quần jeans này vừa vặn với tôi.,"cefrj,gymtalk-vocab",
yes,A1,a1-u09,a1-u09-gapFill-pocket,gapFill,He put his keys in his ___.,cap | trousers | pocket | jeans,pocket,Anh ấy bỏ chìa khóa vào túi quần.,He put his keys in his pocket.,Anh ấy bỏ chìa khóa vào túi quần.,"cefrj,gymtalk-vocab",
,A1,a1-u09,a1-u09-listening-shirt,listening,shirt,tight | coat | t-shirt | shirt,shirt,,He is wearing a white shirt.,Anh ấy đang mặc áo sơ mi trắng.,"cefrj,gymtalk-vocab",
,A1,a1-u09,a1-u09-wordScramble-skirt,wordScramble,skirt,skirt,skirt,váy,She wore a long skirt to the event.,Cô ấy mặc một chiếc váy dài đến sự kiện.,"cefrj,gymtalk-vocab",
,A1,a1-u09,a1-u09-gapFill-t-shirt,gapFill,He wore a plain ___ and jeans.,trousers | jacket | t-shirt | coat,t-shirt,Anh ấy mặc áo phông trơn và quần jeans.,He wore a plain t-shirt and jeans.,Anh ấy mặc áo phông trơn và quần jeans.,"cefrj,gymtalk-vocab",
,A1,a1-u09,a1-u09-listening-tight,listening,tight,coat | shirt | tight | hat,tight,,These shoes are too tight for me.,Đôi giày này quá chật đối với tôi.,"cefrj,gymtalk-vocab",
,A1,a1-u09,a1-u09-wordScramble-trousers,wordScramble,trousers,trousers,trousers,quần dài,These trousers are too long for me.,Chiếc quần này quá dài đối với tôi.,"cefrj,gymtalk-vocab",
yes,A1,a1-u09,a1-u09-gapFill-autumn,gapFill,___ comes after summer.,autumn | t-shirt | coat | shirt,autumn,Mùa thu đến sau mùa hạ.,The leaves turn orange in autumn.,Lá cây chuyển màu cam vào mùa thu.,"cefrj,tatoeba",
,A1,a1-u09,a1-u09-listening-cloudy,listening,cloudy,trousers | cloudy | tight | cold,cloudy,,The sky is cloudy this afternoon.,Bầu trời nhiều mây vào chiều nay.,"cefrj,gymtalk-vocab",
,A1,a1-u09,a1-u09-wordScramble-cold,wordScramble,cold,cold,cold,lạnh,It gets cold in the mountains at night.,Trên núi trời trở lạnh vào ban đêm.,"cefrj,gymtalk-vocab",
,A1,a1-u09,a1-u09-grammar-present-continuous-1,grammar,Look! He is ___ the bar.,lifting | lift | lifts | lifted,lifting,am/is/are + động từ -ing để nói việc đang diễn ra ngay lúc nói.,,,gymtalk-grammar,
,A1,a1-u09,a1-u09-grammar-present-continuous-2,grammar,I ___ resting between sets now.,am | is | are | do,am,am/is/are + động từ -ing để nói việc đang diễn ra ngay lúc nói.,,,gymtalk-grammar,
,A1,a1-u09,a1-u09-grammar-present-continuous-3,grammar,They are ___ on the treadmill.,running | run | runs | runing,running,am/is/are + động từ -ing để nói việc đang diễn ra ngay lúc nói.,,,gymtalk-grammar,
,A1,a1-u10,a1-u10-meaning-cool,meaning,cool,"mát mẻ | mưa | đứa trẻ, con | anh hoặc em trai",mát mẻ,,The evenings are cool this time of year.,Buổi tối mát mẻ vào thời điểm này trong năm.,"cefrj,gymtalk-vocab",
yes,A1,a1-u10,a1-u10-meaning-foggy,meaning,foggy,nắng | anh hoặc em trai | mưa | có sương mù,có sương mù,,Driving is dangerous on a foggy morning.,Lái xe rất nguy hiểm vào buổi sáng sương mù.,"cefrj,gymtalk-vocab",
,A1,a1-u10,a1-u10-meaning-hot,meaning,hot,"mùa đông | đứa trẻ, con | nóng | mưa",nóng,,It is very hot in the summer here.,Ở đây trời rất nóng vào mùa hè.,"cefrj,gymtalk-vocab",
,A1,a1-u10,a1-u10-meaning-rainy,meaning,rainy,ánh nắng | mưa | mùa đông | nắng,mưa,,,Mang theo ô vì hôm nay trời mưa.,"cefrj,gymtalk-vocab",
,A1,a1-u10,a1-u10-meaning-shower,meaning,shower,"mát mẻ | mưa | trận mưa rào | cô, dì hoặc bác gái",trận mưa rào,,There will be scattered showers this afternoon.,Chiều nay sẽ có mưa rào rải rác.,"cefrj,gymtalk-vocab",
,A1,a1-u10,a1-u10-meaning-snow,meaning,snow,"trận mưa rào | cô, dì hoặc bác gái | có sương mù | tuyết, có tuyết rơi","tuyết, có tuyết rơi",,It started to snow early this morning.,Tuyết bắt đầu rơi từ sáng sớm hôm nay.,"cefrj,gymtalk-vocab",
,A1,a1-u10,a1-u10-meaning-spring,meaning,spring,"đứa trẻ, con | mùa xuân | mưa | mùa hè",mùa xuân,,Flowers bloom in spring.,Hoa nở vào mùa xuân.,"cefrj,gymtalk-vocab",
,A1,a1-u10,a1-u10-meaning-summer,meaning,summer,"tuyết, có tuyết rơi | nắng | mùa xuân | mùa hè",mùa hè,,We go to the beach every summer.,Chúng tôi đi biển mỗi mùa hè.,"cefrj,gymtalk-vocab",
,A1,a1-u10,a1-u10-meaning-sunny,meaning,sunny,"cô, dì hoặc bác gái | nắng | mưa | mùa xuân",nắng,,It is sunny and warm today.,Hôm nay trời nắng và ấm áp.,"cefrj,gymtalk-vocab",
,A1,a1-u10,a1-u10-meaning-sunshine,meaning,sunshine,"mùa đông | đứa trẻ, con | ánh nắng | anh hoặc em trai",ánh nắng,,The children played outside in the sunshine.,Bọn trẻ chơi ngoài trời dưới ánh nắng.,"cefrj,gymtalk-vocab",
,A1,a1-u10,a1-u10-meaning-warm,meaning,warm,"đứa trẻ, con | ấm áp | có sương mù | mát mẻ",ấm áp,,The weather is warm in spring.,Thời tiết ấm áp vào mùa xuân.,"cefrj,gymtalk-vocab",
,A1,a1-u10,a1-u10-meaning-winter,meaning,winter,"cô, dì hoặc bác gái | ánh nắng | mùa đông | trận mưa rào",mùa đông,,It often snows in winter.,Trời thường có tuyết vào mùa đông.,"cefrj,gymtalk-vocab",
,A1,a1-u10,a1-u10-meaning-aunt,meaning,aunt,"mát mẻ | cô, dì hoặc bác gái | mùa hè | có sương mù","cô, dì hoặc bác gái",,My aunt sends us gifts every New Year.,Cô tôi gửi quà cho chúng tôi mỗi năm mới.,"cefrj,gymtalk-vocab",
,A1,a1-u10,a1-u10-meaning-brother,meaning,brother,"tuyết, có tuyết rơi | anh hoặc em trai | đứa trẻ, con | có sương mù",anh hoặc em trai,,My older brother taught me how to swim.,Anh trai tôi đã dạy tôi cách bơi.,"cefrj,gymtalk-vocab",
,A1,a1-u10,a1-u10-meaning-child,meaning,child,"ấm áp | anh hoặc em trai | đứa trẻ, con | nắng","đứa trẻ, con",,Every child deserves a safe home.,Mọi đứa trẻ đều đáng có một mái nhà an toàn.,"cefrj,gymtalk-vocab",
,A1,a1-u10,a1-u10-gapFill-cool,gapFill,This one's pretty ___.,sunny | cool | winter | rainy,cool,Cái này khá hay đấy.,The evenings are cool this time of year.,Buổi tối mát mẻ vào thời điểm này trong năm.,"cefrj,tatoeba",
,A1,a1-u10,a1-u10-listening-foggy,listening,foggy,cool | child | foggy | sunny,foggy,,Driving is dangerous on a foggy morning.,Lái xe rất nguy hiểm vào buổi sáng sương mù.,"cefrj,gymtalk-vocab",
,A1,a1-u10,a1-u10-wordScramble-hot,wordScramble,hot,hot,hot,nóng,It is very hot in the summer here.,Ở đây trời rất nóng vào mùa hè.,"cefrj,gymtalk-vocab",
,A1,a1-u10,a1-u10-listening-rainy,listening,rainy,rainy | foggy | aunt | hot,rainy,,,Mang theo ô vì hôm nay trời mưa.,"cefrj,gymtalk-vocab",
,A1,a1-u10,a1-u10-listening-shower,listening,shower,snow | cool | child | shower,shower,,There will be scattered showers this afternoon.,Chiều nay sẽ có mưa rào rải rác.,"cefrj,gymtalk-vocab",
,A1,a1-u10,a1-u10-wordScramble-snow,wordScramble,snow,snow,snow,"tuyết, có tuyết rơi",It started to snow early this morning.,Tuyết bắt đầu rơi từ sáng sớm hôm nay.,"cefrj,gymtalk-vocab",
,A1,a1-u10,a1-u10-gapFill-spring,gapFill,I like ___ the best.,foggy | brother | spring | summer,spring,Tôi thích nhất là mùa xuân.,Flowers bloom in spring.,Hoa nở vào mùa xuân.,"cefrj,tatoeba",
,A1,a1-u10,a1-u10-listening-summer,listening,summer,brother | summer | aunt | cool,summer,,We go to the beach every summer.,Chúng tôi đi biển mỗi mùa hè.,"cefrj,gymtalk-vocab",
,A1,a1-u10,a1-u10-wordScramble-sunny,wordScramble,sunny,sunny,sunny,nắng,It is sunny and warm today.,Hôm nay trời nắng và ấm áp.,"cefrj,gymtalk-vocab",
yes,A1,a1-u10,a1-u10-gapFill-sunshine,gapFill,You are my ___.,cool | child | sunshine | aunt,sunshine,Anh là ánh nắng của em.,The children played outside in the sunshine.,Bọn trẻ chơi ngoài trời dưới ánh nắng.,"cefrj,tatoeba",
yes,A1,a1-u10,a1-u10-listening-warm,listening,warm,warm | child | rainy | shower,warm,,The weather is warm in spring.,Thời tiết ấm áp vào mùa xuân.,"cefrj,gymtalk-vocab",
,A1,a1-u10,a1-u10-wordScramble-winter,wordScramble,winter,winter,winter,mùa đông,It often snows in winter.,Trời thường có tuyết vào mùa đông.,"cefrj,gymtalk-vocab",
,A1,a1-u10,a1-u10-gapFill-aunt,gapFill,My mother's sister is my ___.,warm | rainy | sunshine | aunt,aunt,Chị gái của mẹ tôi là bác tôi.,My aunt sends us gifts every New Year.,Cô tôi gửi quà cho chúng tôi mỗi năm mới.,"cefrj,tatoeba",
,A1,a1-u10,a1-u10-listening-brother,listening,brother,warm | aunt | sunny | brother,brother,,My older brother taught me how to swim.,Anh trai tôi đã dạy tôi cách bơi.,"cefrj,gymtalk-vocab",
,A1,a1-u10,a1-u10-wordScramble-child,wordScramble,child,child,child,"đứa trẻ, con",Every child deserves a safe home.,Mọi đứa trẻ đều đáng có một mái nhà an toàn.,"cefrj,gymtalk-vocab",
yes,A1,a1-u10,a1-u10-grammar-prepositions-time-1,grammar,My class starts ___ six o'clock.,at | on | in | to,at,"at + giờ; on + ngày trong tuần/ngày tháng; in + buổi, tháng, năm.",,,gymtalk-grammar,
,A1,a1-u10,a1-u10-grammar-prepositions-time-2,grammar,I go to the gym ___ Monday.,on | in | at | to,on,"at + giờ; on + ngày trong tuần/ngày tháng; in + buổi, tháng, năm.",,,gymtalk-grammar,
,A1,a1-u10,a1-u10-grammar-prepositions-time-3,grammar,I like to run ___ the morning.,in | on | at | to,in,"at + giờ; on + ngày trong tuần/ngày tháng; in + buổi, tháng, năm.",,,gymtalk-grammar,
,A2,a2-u01,a2-u01-meaning-ankle,meaning,ankle,vận động viên | ngực | mắt cá chân | ngón chân,mắt cá chân,,She twisted her ankle playing football.,Cô ấy bị trẹo mắt cá chân khi chơi bóng đá.,"cefrj,gymtalk-vocab",
,A2,a2-u01,a2-u01-meaning-blood,meaning,blood,máu | giải vô địch | đội trưởng | cầu lông,máu,,The nurse took a sample of his blood.,Y tá lấy mẫu máu của anh ấy.,"cefrj,gymtalk-vocab",
,A2,a2-u01,a2-u01-meaning-cheek,meaning,cheek,môi | má | nuốt | ngực,má,,His cheeks turned red from the cold.,Má anh ấy đỏ lên vì lạnh.,"cefrj,gymtalk-vocab",
,A2,a2-u01,a2-u01-meaning-chest,meaning,chest,"ngực | đánh gôn | dạ dày, bụng | ngón chân",ngực,,He felt a sharp pain in his chest.,Anh ấy cảm thấy đau nhói ở ngực.,"cefrj,gymtalk-vocab",
,A2,a2-u01,a2-u01-meaning-chin,meaning,chin,"cằm | đổ mồ hôi, mồ hôi | cầu lông | mắt cá chân",cằm,,He rested his chin on his hand.,Anh ấy chống cằm lên tay.,"cefrj,gymtalk-vocab",
,A2,a2-u01,a2-u01-meaning-lip,meaning,lip,ngón chân | đánh gôn | môi | đội trưởng,môi,,Her lips were dry from the wind.,Môi cô ấy khô vì gió.,"cefrj,gymtalk-vocab",
,A2,a2-u01,a2-u01-meaning-stomach,meaning,stomach,"nuốt | đánh gôn | máu | dạ dày, bụng","dạ dày, bụng",,My stomach hurts after eating too much.,Bụng tôi đau sau khi ăn quá nhiều.,"cefrj,gymtalk-vocab",
,A2,a2-u01,a2-u01-meaning-swallow,meaning,swallow,"vận động viên | dạ dày, bụng | nuốt | đánh gôn",nuốt,,The pill was too big to swallow easily.,Viên thuốc quá to nên khó nuốt.,"cefrj,gymtalk-vocab",
,A2,a2-u01,a2-u01-meaning-sweat,meaning,sweat,"ngực | đổ mồ hôi, mồ hôi | ngón chân | nuốt","đổ mồ hôi, mồ hôi",,He was sweating after the workout.,Anh ấy đổ mồ hôi sau buổi tập.,"cefrj,gymtalk-vocab",
yes,A2,a2-u01,a2-u01-meaning-toe,meaning,toe,má | nuốt | ngón chân | vận động viên,ngón chân,,She stubbed her toe on the door.,Cô ấy va ngón chân vào cửa.,"cefrj,gymtalk-vocab",
,A2,a2-u01,a2-u01-meaning-athlete,meaning,athlete,"môi | cằm | đổ mồ hôi, mồ hôi | vận động viên",vận động viên,,He trains like a professional athlete.,Anh ấy tập luyện như một vận động viên chuyên nghiệp.,"cefrj,gymtalk-vocab",
,A2,a2-u01,a2-u01-meaning-badminton,meaning,badminton,"cằm | má | dạ dày, bụng | cầu lông",cầu lông,,We played badminton in the park.,Chúng tôi chơi cầu lông trong công viên.,"cefrj,gymtalk-vocab",
,A2,a2-u01,a2-u01-meaning-captain,meaning,captain,đội trưởng | cằm | vận động viên | môi,đội trưởng,,She was chosen as team captain.,Cô ấy được chọn làm đội trưởng.,"cefrj,gymtalk-vocab",
yes,A2,a2-u01,a2-u01-meaning-championship,meaning,championship,"đổ mồ hôi, mồ hôi | nuốt | đánh gôn | giải vô địch",giải vô địch,,Our team won the championship.,Đội của chúng tôi đã giành chức vô địch.,"cefrj,gymtalk-vocab",
,A2,a2-u01,a2-u01-meaning-golf,meaning,golf,cằm | môi | cầu lông | đánh gôn,đánh gôn,,He plays golf with his clients.,Anh ấy chơi gôn với khách hàng.,"cefrj,gymtalk-vocab",
,A2,a2-u01,a2-u01-gapFill-ankle,gapFill,He twisted his ___.,chest | ankle | sweat | golf,ankle,Anh ấy vặn mắt cá chân của mình.,She twisted her ankle playing football.,Cô ấy bị trẹo mắt cá chân khi chơi bóng đá.,"cefrj,tatoeba",
,A2,a2-u01,a2-u01-listening-blood,listening,blood,chest | cheek | blood | ankle,blood,,The nurse took a sample of his blood.,Y tá lấy mẫu máu của anh ấy.,"cefrj,gymtalk-vocab",
,A2,a2-u01,a2-u01-wordScramble-cheek,wordScramble,cheek,cheek,cheek,má,His cheeks turned red from the cold.,Má anh ấy đỏ lên vì lạnh.,"cefrj,gymtalk-vocab",
,A2,a2-u01,a2-u01-gapFill-chest,gapFill,I've got ___ pain.,stomach | chest | championship | ankle,chest,Tôi bị đau ngực.,He felt a sharp pain in his chest.,Anh ấy cảm thấy đau nhói ở ngực.,"cefrj,tatoeba",
,A2,a2-u01,a2-u01-listening-chin,listening,chin,chin | golf | lip | ankle,chin,,He rested his chin on his hand.,Anh ấy chống cằm lên tay.,"cefrj,gymtalk-vocab",
,A2,a2-u01,a2-u01-wordScramble-lip,wordScramble,lip,lip,lip,môi,Her lips were dry from the wind.,Môi cô ấy khô vì gió.,"cefrj,gymtalk-vocab",
,A2,a2-u01,a2-u01-gapFill-stomach,gapFill,I've got a ___ ache.,blood | badminton | swallow | stomach,stomach,Tôi bị đau bụng.,My stomach hurts after eating too much.,Bụng tôi đau sau khi ăn quá nhiều.,"cefrj,tatoeba",
,A2,a2-u01,a2-u01-listening-swallow,listening,swallow,athlete | swallow | chin | sweat,swallow,,The pill was too big to swallow easily.,Viên thuốc quá to nên khó nuốt.,"cefrj,gymtalk-vocab",
,A2,a2-u01,a2-u01-wordScramble-sweat,wordScramble,sweat,sweat,sweat,"đổ mồ hôi, mồ hôi",He was sweating after the workout.,Anh ấy đổ mồ hôi sau buổi tập.,"cefrj,gymtalk-vocab",
,A2,a2-u01,a2-u01-gapFill-toe,gapFill,I have a pain in my little ___.,golf | cheek | captain | toe,toe,Tôi có một vết thương ở ngón chân út.,She stubbed her toe on the door.,Cô ấy va ngón chân vào cửa.,"cefrj,tatoeba",
,A2,a2-u01,a2-u01-listening-athlete,listening,athlete,stomach | toe | athlete | chest,athlete,,He trains like a professional athlete.,Anh ấy tập luyện như một vận động viên chuyên nghiệp.,"cefrj,gymtalk-vocab",
,A2,a2-u01,a2-u01-wordScramble-badminton,wordScramble,badminton,badminton,badminton,cầu lông,We played badminton in the park.,Chúng tôi chơi cầu lông trong công viên.,"cefrj,gymtalk-vocab",
yes,A2,a2-u01,a2-u01-gapFill-captain,gapFill,He was chosen ___.,captain | swallow | toe | stomach,captain,Anh ấy được chọn làm đội trưởng.,She was chosen as team captain.,Cô ấy được chọn làm đội trưởng.,"cefrj,tatoeba",
,A2,a2-u01,a2-u01-listening-championship,listening,championship,championship | captain | cheek | toe,championship,,Our team won the championship.,Đội của chúng tôi đã giành chức vô địch.,"cefrj,gymtalk-vocab",
,A2,a2-u01,a2-u01-wordScramble-golf,wordScramble,golf,golf,golf,đánh gôn,He plays golf with his clients.,Anh ấy chơi gôn với khách hàng.,"cefrj,gymtalk-vocab",
,A2,a2-u01,a2-u01-grammar-past-simple-regular-1,grammar,Yesterday I ___ for an hour.,trained | train | trains | training,trained,Thêm -ed vào động từ để nói việc đã xảy ra và kết thúc: train → trained.,,,gymtalk-grammar,
,A2,a2-u01,a2-u01-grammar-past-simple-regular-2,grammar,Yesterday she ___ her legs after the run.,stretched | stretch | stretches | stretching,stretched,Thêm -ed vào động từ để nói việc đã xảy ra và kết thúc: train → trained.,,,gymtalk-grammar,
,A2,a2-u01,a2-u01-grammar-past-simple-regular-3,grammar,Last week we ___ to music in the class.,danced | dance | dances | dancing,danced,Thêm -ed vào động từ để nói việc đã xảy ra và kết thúc: train → trained.,,,gymtalk-grammar,
,A2,a2-u02,a2-u02-meaning-hockey,meaning,hockey,đau dạ dày | bỏng | khúc côn cầu | sân vận động,khúc côn cầu,,They watched a hockey game last night.,Họ xem trận khúc côn cầu tối qua.,"cefrj,gymtalk-vocab",
,A2,a2-u02,a2-u02-meaning-medal,meaning,medal,khúc côn cầu | huy chương | bỏng | sân vận động,huy chương,,She proudly wore her gold medal.,Cô ấy tự hào đeo tấm huy chương vàng.,"cefrj,gymtalk-vocab",
,A2,a2-u02,a2-u02-meaning-running,meaning,running,chiến lược | chạy | huy chương | trượt tuyết,chạy,,Running keeps her fit and healthy.,Chạy bộ giúp cô ấy khỏe mạnh.,"cefrj,gymtalk-vocab",
,A2,a2-u02,a2-u02-meaning-shoot,meaning,shoot,"đưa đi, chuyển đi nhanh | sút, ném | tình trạng | khúc côn cầu","sút, ném",,He decided to shoot from long range.,Anh ấy quyết định sút xa.,"cefrj,gymtalk-vocab",
,A2,a2-u02,a2-u02-meaning-skiing,meaning,skiing,chiến lược | bóng bàn | khúc côn cầu | trượt tuyết,trượt tuyết,,They went skiing in the mountains.,Họ đi trượt tuyết trên núi.,"cefrj,gymtalk-vocab",
,A2,a2-u02,a2-u02-meaning-stadium,meaning,stadium,"bỏng | sân vận động | bóng bàn | đưa đi, chuyển đi nhanh",sân vận động,,The stadium was full of fans.,Sân vận động chật kín người hâm mộ.,"cefrj,gymtalk-vocab",
,A2,a2-u02,a2-u02-meaning-strategy,meaning,strategy,"chiến lược | đưa đi, chuyển đi nhanh | huy chương | đi bộ, tản bộ",chiến lược,,The coach explained the game strategy.,Huấn luyện viên giải thích chiến lược trận đấu.,"cefrj,gymtalk-vocab",
,A2,a2-u02,a2-u02-meaning-table-tennis,meaning,table tennis,bỏng | bóng bàn | chạy | chiến lược,bóng bàn,,We have a table tennis match tonight.,Tối nay chúng tôi có trận bóng bàn.,"cefrj,gymtalk-vocab",
,A2,a2-u02,a2-u02-meaning-walking,meaning,walking,"đau dạ dày | sân vận động | đi bộ, tản bộ | chạy","đi bộ, tản bộ",,Walking is a good way to relax.,Đi bộ là cách tốt để thư giãn.,"cefrj,gymtalk-vocab",
,A2,a2-u02,a2-u02-meaning-appointment,meaning,appointment,lịch hẹn (khám) | tình trạng | trượt tuyết | chiến lược,lịch hẹn (khám),,,Tôi có lịch hẹn khám bác sĩ vào ngày mai.,"cefrj,gymtalk-vocab",
,A2,a2-u02,a2-u02-meaning-burn,meaning,burn,đau dạ dày | bỏng | khúc côn cầu | huy chương,bỏng,,She got a burn from the hot pan.,Cô ấy bị bỏng vì chiếc chảo nóng.,"cefrj,gymtalk-vocab",
,A2,a2-u02,a2-u02-meaning-condition,meaning,condition,"sút, ném | bỏng | tình trạng | đau răng",tình trạng,,His condition improved overnight.,Tình trạng của anh ấy cải thiện qua đêm.,"cefrj,gymtalk-vocab",
,A2,a2-u02,a2-u02-meaning-rush,meaning,rush,"đưa đi, chuyển đi nhanh | khúc côn cầu | đau dạ dày | chạy","đưa đi, chuyển đi nhanh",,They had to rush him to the hospital.,Họ phải đưa anh ấy đến bệnh viện gấp.,"cefrj,gymtalk-vocab",
,A2,a2-u02,a2-u02-meaning-stomachache,meaning,stomachache,"bóng bàn | đau dạ dày | tình trạng | sút, ném",đau dạ dày,,He got a stomachache from eating too fast.,Anh ấy bị đau dạ dày vì ăn quá nhanh.,"cefrj,gymtalk-vocab",
,A2,a2-u02,a2-u02-meaning-toothache,meaning,toothache,"đau răng | đi bộ, tản bộ | huy chương | bóng bàn",đau răng,,A toothache kept her awake all night.,Cơn đau răng khiến cô ấy thức trắng đêm.,"cefrj,gymtalk-vocab",
,A2,a2-u02,a2-u02-gapFill-hockey,gapFill,They watched a ___ game last night.,strategy | burn | hockey | skiing,hockey,Họ xem trận khúc côn cầu tối qua.,They watched a hockey game last night.,Họ xem trận khúc côn cầu tối qua.,"cefrj,gymtalk-vocab",
,A2,a2-u02,a2-u02-listening-medal,listening,medal,medal | appointment | rush | shoot,medal,,She proudly wore her gold medal.,Cô ấy tự hào đeo tấm huy chương vàng.,"cefrj,gymtalk-vocab",
,A2,a2-u02,a2-u02-wordScramble-running,wordScramble,running,running,running,chạy,Running keeps her fit and healthy.,Chạy bộ giúp cô ấy khỏe mạnh.,"cefrj,gymtalk-vocab",
,A2,a2-u02,a2-u02-gapFill-shoot,gapFill,I will ___ him.,rush | appointment | shoot | walking,shoot,Tôi sẽ bắn hắn.,He decided to shoot from long range.,Anh ấy quyết định sút xa.,"cefrj,tatoeba",
,A2,a2-u02,a2-u02-listening-skiing,listening,skiing,skiing | appointment | rush | burn,skiing,,They went skiing in the mountains.,Họ đi trượt tuyết trên núi.,"cefrj,gymtalk-vocab",
,A2,a2-u02,a2-u02-wordScramble-stadium,wordScramble,stadium,stadium,stadium,sân vận động,The stadium was full of fans.,Sân vận động chật kín người hâm mộ.,"cefrj,gymtalk-vocab",
,A2,a2-u02,a2-u02-gapFill-strategy,gapFill,Hope is not a ___.,toothache | strategy | rush | stadium,strategy,Hi vọng không là 1 chiến lược,The coach explained the game strategy.,Huấn luyện viên giải thích chiến lược trận đấu.,"cefrj,tatoeba",
,A2,a2-u02,a2-u02-listening-table-tennis,listening,table tennis,burn | condition | stomachache | table tennis,table tennis,,We have a table tennis match tonight.,Tối nay chúng tôi có trận bóng bàn.,"cefrj,gymtalk-vocab",
,A2,a2-u02,a2-u02-wordScramble-walking,wordScramble,walking,walking,walking,"đi bộ, tản bộ",Walking is a good way to relax.,Đi bộ là cách tốt để thư giãn.,"cefrj,gymtalk-vocab",
,A2,a2-u02,a2-u02-gapFill-appointment,gapFill,I don't have an ___.,appointment | hockey | medal | running,appointment,Tôi không có hẹn trước.,,Tôi có lịch hẹn khám bác sĩ vào ngày mai.,"cefrj,tatoeba",
,A2,a2-u02,a2-u02-listening-burn,listening,burn,burn | strategy | skiing | shoot,burn,,She got a burn from the hot pan.,Cô ấy bị bỏng vì chiếc chảo nóng.,"cefrj,gymtalk-vocab",
,A2,a2-u02,a2-u02-wordScramble-condition,wordScramble,condition,condition,condition,tình trạng,His condition improved overnight.,Tình trạng của anh ấy cải thiện qua đêm.,"cefrj,gymtalk-vocab",
,A2,a2-u02,a2-u02-gapFill-rush,gapFill,Are you in a ___?,rush | stomachache | toothache | medal,rush,Bạn đang vội à?,They had to rush him to the hospital.,Họ phải đưa anh ấy đến bệnh viện gấp.,"cefrj,tatoeba",
,A2,a2-u02,a2-u02-listening-stomachache,listening,stomachache,stomachache | skiing | stadium | rush,stomachache,,He got a stomachache from eating too fast.,Anh ấy bị đau dạ dày vì ăn quá nhanh.,"cefrj,gymtalk-vocab",
,A2,a2-u02,a2-u02-wordScramble-toothache,wordScramble,toothache,toothache,toothache,đau răng,A toothache kept her awake all night.,Cơn đau răng khiến cô ấy thức trắng đêm.,"cefrj,gymtalk-vocab",
,A2,a2-u02,a2-u02-grammar-past-simple-irregular-1,grammar,I ___ to the gym last night.,went | goed | go | gone,went,"Một số động từ có dạng quá khứ riêng cần học thuộc: go → went, eat → ate, run → ran.",,,gymtalk-grammar,
,A2,a2-u02,a2-u02-grammar-past-simple-irregular-2,grammar,He ___ five kilometres this morning.,ran | runned | run | runs,ran,"Một số động từ có dạng quá khứ riêng cần học thuộc: go → went, eat → ate, run → ran.",,,gymtalk-grammar,
,A2,a2-u02,a2-u02-grammar-past-simple-irregular-3,grammar,Yesterday we ___ chicken and rice after training.,ate | eated | eat | eaten,ate,"Một số động từ có dạng quá khứ riêng cần học thuộc: go → went, eat → ate, run → ran.",,,gymtalk-grammar,
yes,A2,a2-u03,a2-u03-meaning-wheelchair,meaning,wheelchair,"rót, đổ | xe lăn | trốn thoát | theo sau, đi theo",xe lăn,,She uses a wheelchair to get around.,Cô ấy dùng xe lăn để di chuyển.,"cefrj,gymtalk-vocab",
,A2,a2-u03,a2-u03-meaning-bend,meaning,bend,"cúi, uốn cong | lôi, kéo | đánh, đập | ngã, rơi","cúi, uốn cong",,She bent down to pick up the coin.,Cô ấy cúi xuống nhặt đồng xu.,"cefrj,gymtalk-vocab",
,A2,a2-u03,a2-u03-meaning-escape,meaning,escape,"rót, đổ | trốn thoát | theo sau, đi theo | trồng",trốn thoát,,The prisoner tried to escape at night.,Người tù cố trốn thoát vào ban đêm.,"cefrj,gymtalk-vocab",
,A2,a2-u03,a2-u03-meaning-fall,meaning,fall,"gõ cửa | đánh, đập | la hét, reo hò | ngã, rơi","ngã, rơi",,He fell off his bike yesterday.,Hôm qua anh ấy ngã khỏi xe đạp.,"cefrj,gymtalk-vocab",
,A2,a2-u03,a2-u03-meaning-follow,meaning,follow,"gõ cửa | lôi, kéo | đánh, đập | theo sau, đi theo","theo sau, đi theo",,Please follow me to the meeting room.,Xin hãy đi theo tôi đến phòng họp.,"cefrj,gymtalk-vocab",
,A2,a2-u03,a2-u03-meaning-hit,meaning,hit,"theo sau, đi theo | đánh, đập | cúi, uốn cong | thả ra, buông ra","đánh, đập",,She hit the nail with a hammer.,Cô ấy đóng đinh bằng búa.,"cefrj,gymtalk-vocab",
yes,A2,a2-u03,a2-u03-meaning-knock,meaning,knock,"thả ra, buông ra | gõ cửa | rót, đổ | khóa",gõ cửa,,Someone knocked on the door twice.,Có ai đó gõ cửa hai lần.,"cefrj,gymtalk-vocab",
,A2,a2-u03,a2-u03-meaning-lock,meaning,lock,"may, khâu | khóa | rót, đổ | xe lăn",khóa,,Remember to lock the door before you leave.,Nhớ khóa cửa trước khi bạn rời đi.,"cefrj,gymtalk-vocab",
,A2,a2-u03,a2-u03-meaning-plant,meaning,plant,"lôi, kéo | ngã, rơi | trồng | la hét, reo hò",trồng,,We plant flowers every spring.,Chúng tôi trồng hoa mỗi mùa xuân.,"cefrj,gymtalk-vocab",
,A2,a2-u03,a2-u03-meaning-pour,meaning,pour,"lôi, kéo | theo sau, đi theo | rót, đổ | đánh, đập","rót, đổ",,She poured water into the glass.,Cô ấy rót nước vào ly.,"cefrj,gymtalk-vocab",
,A2,a2-u03,a2-u03-meaning-pull,meaning,pull,"đánh, đập | theo sau, đi theo | la hét, reo hò | lôi, kéo","lôi, kéo",,He pulled the rope with all his strength.,Anh ấy kéo sợi dây bằng hết sức lực.,"cefrj,gymtalk-vocab",
,A2,a2-u03,a2-u03-meaning-release,meaning,release,"thả ra, buông ra | may, khâu | khóa | ngã, rơi","thả ra, buông ra",,She released the bird back into the wild.,Cô ấy thả con chim trở lại tự nhiên.,"cefrj,gymtalk-vocab",
,A2,a2-u03,a2-u03-meaning-sew,meaning,sew,"may, khâu | trượt băng | rót, đổ | lôi, kéo","may, khâu",,She sews her own clothes.,Cô ấy tự may quần áo của mình.,"cefrj,gymtalk-vocab",
,A2,a2-u03,a2-u03-meaning-shout,meaning,shout,"trượt băng | trồng | khóa | la hét, reo hò","la hét, reo hò",,He shouted for help.,Anh ấy la hét để cầu cứu.,"cefrj,gymtalk-vocab",
,A2,a2-u03,a2-u03-meaning-skate,meaning,skate,"la hét, reo hò | trượt băng | theo sau, đi theo | may, khâu",trượt băng,,They skate at the rink every weekend.,Họ trượt băng ở sân băng mỗi cuối tuần.,"cefrj,gymtalk-vocab",
,A2,a2-u03,a2-u03-gapFill-wheelchair,gapFill,She uses a ___ to get around.,wheelchair | hit | escape | follow,wheelchair,Cô ấy dùng xe lăn để di chuyển.,She uses a wheelchair to get around.,Cô ấy dùng xe lăn để di chuyển.,"cefrj,gymtalk-vocab",
,A2,a2-u03,a2-u03-listening-bend,listening,bend,bend | lock | skate | shout,bend,,She bent down to pick up the coin.,Cô ấy cúi xuống nhặt đồng xu.,"cefrj,gymtalk-vocab",
,A2,a2-u03,a2-u03-wordScramble-escape,wordScramble,escape,escape,escape,trốn thoát,The prisoner tried to escape at night.,Người tù cố trốn thoát vào ban đêm.,"cefrj,gymtalk-vocab",
,A2,a2-u03,a2-u03-gapFill-fall,gapFill,Don't let me ___ asleep.,fall | skate | plant | hit,fall,Đừng để tôi ngủ mất.,He fell off his bike yesterday.,Hôm qua anh ấy ngã khỏi xe đạp.,"cefrj,tatoeba",
,A2,a2-u03,a2-u03-listening-follow,listening,follow,follow | escape | wheelchair | hit,follow,,Please follow me to the meeting room.,Xin hãy đi theo tôi đến phòng họp.,"cefrj,gymtalk-vocab",
,A2,a2-u03,a2-u03-wordScramble-hit,wordScramble,hit,hit,hit,"đánh, đập",She hit the nail with a hammer.,Cô ấy đóng đinh bằng búa.,"cefrj,gymtalk-vocab",
,A2,a2-u03,a2-u03-listening-knock,listening,knock,knock | skate | shout | fall,knock,,Someone knocked on the door twice.,Có ai đó gõ cửa hai lần.,"cefrj,gymtalk-vocab",
,A2,a2-u03,a2-u03-listening-lock,listening,lock,follow | hit | lock | wheelchair,lock,,Remember to lock the door before you leave.,Nhớ khóa cửa trước khi bạn rời đi.,"cefrj,gymtalk-vocab",
,A2,a2-u03,a2-u03-wordScramble-plant,wordScramble,plant,plant,plant,trồng,We plant flowers every spring.,Chúng tôi trồng hoa mỗi mùa xuân.,"cefrj,gymtalk-vocab",
,A2,a2-u03,a2-u03-listening-pour,listening,pour,escape | lock | pour | fall,pour,,She poured water into the glass.,Cô ấy rót nước vào ly.,"cefrj,gymtalk-vocab",
,A2,a2-u03,a2-u03-listening-pull,listening,pull,knock | pull | lock | sew,pull,,He pulled the rope with all his strength.,Anh ấy kéo sợi dây bằng hết sức lực.,"cefrj,gymtalk-vocab",
yes,A2,a2-u03,a2-u03-wordScramble-release,wordScramble,release,release,release,"thả ra, buông ra",She released the bird back into the wild.,Cô ấy thả con chim trở lại tự nhiên.,"cefrj,gymtalk-vocab",
,A2,a2-u03,a2-u03-listening-sew,listening,sew,sew | knock | pull | bend,sew,,She sews her own clothes.,Cô ấy tự may quần áo của mình.,"cefrj,gymtalk-vocab",
,A2,a2-u03,a2-u03-listening-shout,listening,shout,shout | escape | hit | fall,shout,,He shouted for help.,Anh ấy la hét để cầu cứu.,"cefrj,gymtalk-vocab",
,A2,a2-u03,a2-u03-wordScramble-skate,wordScramble,skate,skate,skate,trượt băng,They skate at the rink every weekend.,Họ trượt băng ở sân băng mỗi cuối tuần.,"cefrj,gymtalk-vocab",
,A2,a2-u03,a2-u03-grammar-past-simple-questions-1,grammar,___ you finish the workout yesterday?,Did | Do | Were | Does,Did,Dùng did/didn't + động từ nguyên mẫu: Did you train? I didn't train.,,,gymtalk-grammar,
,A2,a2-u03,a2-u03-grammar-past-simple-questions-2,grammar,I didn't ___ enough sleep last night.,get | got | gets | getting,get,Dùng did/didn't + động từ nguyên mẫu: Did you train? I didn't train.,,,gymtalk-grammar,
,A2,a2-u03,a2-u03-grammar-past-simple-questions-3,grammar,She ___ come to class last Tuesday.,didn't | doesn't | wasn't | not,didn't,Dùng did/didn't + động từ nguyên mẫu: Did you train? I didn't train.,,,gymtalk-grammar,
,A2,a2-u04,a2-u04-meaning-barbecue,meaning,barbecue,muối | thức ăn nhanh | bột | tiệc nướng ngoài trời,tiệc nướng ngoài trời,,We had a barbecue in the backyard.,Chúng tôi tổ chức tiệc nướng ở sân sau.,"cefrj,gymtalk-vocab",
,A2,a2-u04,a2-u04-meaning-boil,meaning,boil,"luộc | cà rốt | ớt, tiêu | thịt đùi xông khói",luộc,,Boil the eggs for ten minutes.,Luộc trứng trong mười phút.,"cefrj,gymtalk-vocab",
,A2,a2-u04,a2-u04-meaning-carrot,meaning,carrot,chiên | cà rốt | ngũ cốc | món tráng miệng,cà rốt,,He sliced carrot into the stew.,Anh ấy thái cà rốt cho vào món hầm.,"cefrj,gymtalk-vocab",
,A2,a2-u04,a2-u04-meaning-cereal,meaning,cereal,thái lát | ngũ cốc | chiên | thịt đùi xông khói,ngũ cốc,,He eats cereal with milk every morning.,Anh ấy ăn ngũ cốc với sữa mỗi sáng.,"cefrj,gymtalk-vocab",
,A2,a2-u04,a2-u04-meaning-dessert,meaning,dessert,"luộc | tỏi | ớt, tiêu | món tráng miệng",món tráng miệng,,We had ice cream for dessert.,Chúng tôi ăn kem tráng miệng.,"cefrj,gymtalk-vocab",
,A2,a2-u04,a2-u04-meaning-fast-food,meaning,fast food,thức ăn nhanh | củ hành | luộc | chiên,thức ăn nhanh,,Eating too much fast food isn't healthy.,Ăn quá nhiều thức ăn nhanh không tốt cho sức khỏe.,"cefrj,gymtalk-vocab",
,A2,a2-u04,a2-u04-meaning-flour,meaning,flour,luộc | thức ăn nhanh | bột | củ hành,bột,,She mixed flour and water to make dough.,Cô ấy trộn bột và nước để làm bột nhào.,"cefrj,gymtalk-vocab",
,A2,a2-u04,a2-u04-meaning-fry,meaning,fry,thức ăn nhanh | tỏi | chiên | tiệc nướng ngoài trời,chiên,,She fried some vegetables for dinner.,Cô ấy chiên vài loại rau cho bữa tối.,"cefrj,gymtalk-vocab",
,A2,a2-u04,a2-u04-meaning-garlic,meaning,garlic,cà rốt | luộc | chiên | tỏi,tỏi,,He fried garlic before adding the vegetables.,Anh ấy phi tỏi trước khi cho rau vào.,"cefrj,gymtalk-vocab",
,A2,a2-u04,a2-u04-meaning-ham,meaning,ham,chiên | thịt đùi xông khói | thái lát | thức ăn nhanh,thịt đùi xông khói,,The sandwich had cheese and ham.,Bánh sandwich có phô mai và thịt xông khói.,"cefrj,gymtalk-vocab",
,A2,a2-u04,a2-u04-meaning-onion,meaning,onion,"ớt, tiêu | ngũ cốc | củ hành | bột",củ hành,,She chopped an onion for the soup.,Cô ấy băm hành cho món súp.,"cefrj,gymtalk-vocab",
,A2,a2-u04,a2-u04-meaning-pepper,meaning,pepper,"nướng (lò) | ớt, tiêu | củ hành | chiên","ớt, tiêu",,She sliced a red pepper for the stir-fry.,Cô ấy thái ớt đỏ để xào.,"cefrj,gymtalk-vocab",
,A2,a2-u04,a2-u04-meaning-roast,meaning,roast,củ hành | nướng (lò) | thức ăn nhanh | món tráng miệng,nướng (lò),,We roasted a chicken for Sunday lunch.,Chúng tôi nướng một con gà cho bữa trưa Chủ nhật.,"cefrj,gymtalk-vocab",
,A2,a2-u04,a2-u04-meaning-salt,meaning,salt,luộc | ngũ cốc | thái lát | muối,muối,,Add a pinch of salt to the soup.,Cho một nhúm muối vào món súp.,"cefrj,gymtalk-vocab",
,A2,a2-u04,a2-u04-meaning-slice,meaning,slice,muối | ngũ cốc | thái lát | món tráng miệng,thái lát,,He sliced the bread for toast.,Anh ấy thái lát bánh mì để làm bánh mì nướng.,"cefrj,gymtalk-vocab",
,A2,a2-u04,a2-u04-gapFill-barbecue,gapFill,We had a ___ in the backyard.,fry | roast | barbecue | slice,barbecue,Chúng tôi tổ chức tiệc nướng ở sân sau.,We had a barbecue in the backyard.,Chúng tôi tổ chức tiệc nướng ở sân sau.,"cefrj,gymtalk-vocab",
,A2,a2-u04,a2-u04-listening-boil,listening,boil,cereal | boil | ham | roast,boil,,Boil the eggs for ten minutes.,Luộc trứng trong mười phút.,"cefrj,gymtalk-vocab",
,A2,a2-u04,a2-u04-wordScramble-carrot,wordScramble,carrot,carrot,carrot,cà rốt,He sliced carrot into the stew.,Anh ấy thái cà rốt cho vào món hầm.,"cefrj,gymtalk-vocab",
,A2,a2-u04,a2-u04-gapFill-cereal,gapFill,I like to eat ___ with milk.,carrot | cereal | garlic | flour,cereal,Tôi thích ăn ngũ cốc với sữa.,He eats cereal with milk every morning.,Anh ấy ăn ngũ cốc với sữa mỗi sáng.,"cefrj,tatoeba",
yes,A2,a2-u04,a2-u04-listening-dessert,listening,dessert,barbecue | boil | salt | dessert,dessert,,We had ice cream for dessert.,Chúng tôi ăn kem tráng miệng.,"cefrj,gymtalk-vocab",
,A2,a2-u04,a2-u04-gapFill-fast-food,gapFill,I like ___.,barbecue | cereal | fast food | pepper,fast food,Tôi thích đồ ăn nhanh.,Eating too much fast food isn't healthy.,Ăn quá nhiều thức ăn nhanh không tốt cho sức khỏe.,"cefrj,tatoeba",
,A2,a2-u04,a2-u04-gapFill-flour,gapFill,We need more ___.,carrot | salt | flour | roast,flour,Chúng ta cần thêm bột mì.,She mixed flour and water to make dough.,Cô ấy trộn bột và nước để làm bột nhào.,"cefrj,tatoeba",
,A2,a2-u04,a2-u04-listening-fry,listening,fry,fry | carrot | flour | boil,fry,,She fried some vegetables for dinner.,Cô ấy chiên vài loại rau cho bữa tối.,"cefrj,gymtalk-vocab",
,A2,a2-u04,a2-u04-wordScramble-garlic,wordScramble,garlic,garlic,garlic,tỏi,He fried garlic before adding the vegetables.,Anh ấy phi tỏi trước khi cho rau vào.,"cefrj,gymtalk-vocab",
,A2,a2-u04,a2-u04-gapFill-ham,gapFill,I like to eat sandwiches with ___ and cheese.,ham | fast food | cereal | salt,ham,Tôi thích ăn sandwich với giăm bông và phô mai.,The sandwich had cheese and ham.,Bánh sandwich có phô mai và thịt xông khói.,"cefrj,tatoeba",
,A2,a2-u04,a2-u04-listening-onion,listening,onion,slice | onion | fry | roast,onion,,She chopped an onion for the soup.,Cô ấy băm hành cho món súp.,"cefrj,gymtalk-vocab",
,A2,a2-u04,a2-u04-wordScramble-pepper,wordScramble,pepper,pepper,pepper,"ớt, tiêu",She sliced a red pepper for the stir-fry.,Cô ấy thái ớt đỏ để xào.,"cefrj,gymtalk-vocab",
,A2,a2-u04,a2-u04-gapFill-roast,gapFill,I'm going to ___ some chestnuts.,garlic | carrot | roast | fry,roast,Tôi sẽ nướng một ít hạt dẻ.,We roasted a chicken for Sunday lunch.,Chúng tôi nướng một con gà cho bữa trưa Chủ nhật.,"cefrj,tatoeba",
,A2,a2-u04,a2-u04-listening-salt,listening,salt,pepper | barbecue | salt | carrot,salt,,Add a pinch of salt to the soup.,Cho một nhúm muối vào món súp.,"cefrj,gymtalk-vocab",
,A2,a2-u04,a2-u04-wordScramble-slice,wordScramble,slice,slice,slice,thái lát,He sliced the bread for toast.,Anh ấy thái lát bánh mì để làm bánh mì nướng.,"cefrj,gymtalk-vocab",
,A2,a2-u04,a2-u04-grammar-going-to-1,grammar,I'm going ___ train harder next month.,to | for | at | on,to,am/is/are going to + động từ nguyên mẫu để nói kế hoạch đã định trước.,,,gymtalk-grammar,
,A2,a2-u04,a2-u04-grammar-going-to-2,grammar,They ___ going to join a running club.,are | is | am | be,are,am/is/are going to + động từ nguyên mẫu để nói kế hoạch đã định trước.,,,gymtalk-grammar,
,A2,a2-u04,a2-u04-grammar-going-to-3,grammar,She is going to ___ a new program.,start | starts | started | starting,start,am/is/are going to + động từ nguyên mẫu để nói kế hoạch đã định trước.,,,gymtalk-grammar,
yes,A2,a2-u05,a2-u05-meaning-snack,meaning,snack,ngày kỷ niệm | bữa ăn nhẹ | rượu vang | đồng hồ báo thức,bữa ăn nhẹ,,She had a small snack before dinner.,Cô ấy ăn nhẹ trước bữa tối.,"cefrj,gymtalk-vocab",
,A2,a2-u05,a2-u05-meaning-beer,meaning,beer,rượu vang | sô-đa | bia | thế kỷ,bia,,They ordered a beer with their meal.,Họ gọi một ly bia cùng bữa ăn.,"cefrj,gymtalk-vocab",
,A2,a2-u05,a2-u05-meaning-champagne,meaning,champagne,ngày kỷ niệm | rượu sâm panh | đồng hồ báo thức | nước khoáng,rượu sâm panh,,They opened a bottle of champagne to celebrate.,Họ khui một chai sâm panh để ăn mừng.,"cefrj,gymtalk-vocab",
,A2,a2-u05,a2-u05-meaning-lemonade,meaning,lemonade,nước chanh | ngày kỷ niệm | đồng hồ báo thức | khát nước,nước chanh,,She made fresh lemonade for the party.,Cô ấy pha nước chanh tươi cho bữa tiệc.,"cefrj,gymtalk-vocab",
,A2,a2-u05,a2-u05-meaning-mineral-water,meaning,mineral water,trong suốt (khoảng thời gian) | đồng hồ báo thức | ngày kỷ niệm | nước khoáng,nước khoáng,,He always carries a bottle of mineral water.,Anh ấy luôn mang theo một chai nước khoáng.,"cefrj,gymtalk-vocab",
,A2,a2-u05,a2-u05-meaning-sake,meaning,sake,rượu sake | nước khoáng | trong suốt (khoảng thời gian) | thế kỷ,rượu sake,,Sake is a traditional Japanese rice wine.,Sake là rượu gạo truyền thống của Nhật Bản.,"cefrj,gymtalk-vocab",
,A2,a2-u05,a2-u05-meaning-soda,meaning,soda,rượu sâm panh | sô-đa | đồng hồ báo thức | ngày kỷ niệm,sô-đa,,He drank a cold soda after the game.,Anh ấy uống một ly sô-đa lạnh sau trận đấu.,"cefrj,gymtalk-vocab",
,A2,a2-u05,a2-u05-meaning-thirsty,meaning,thirsty,khát nước | đồng hồ báo thức | sô-đa | rượu sake,khát nước,,,Tôi khát nước sau chuyến đi bộ dài.,"cefrj,gymtalk-vocab",
,A2,a2-u05,a2-u05-meaning-wine,meaning,wine,ngày kỷ niệm | bia | rượu vang | lịch,rượu vang,,They shared a bottle of red wine.,Họ chia nhau một chai rượu vang đỏ.,"cefrj,gymtalk-vocab",
,A2,a2-u05,a2-u05-meaning-alarm-clock,meaning,alarm clock,rượu sâm panh | sô-đa | đồng hồ báo thức | nước chanh,đồng hồ báo thức,,Her alarm clock went off at six.,Đồng hồ báo thức của cô ấy reo lúc sáu giờ.,"cefrj,gymtalk-vocab",
,A2,a2-u05,a2-u05-meaning-anniversary,meaning,anniversary,sô-đa | lịch | ngày kỷ niệm | khát nước,ngày kỷ niệm,,Today is their wedding anniversary.,Hôm nay là ngày kỷ niệm đám cưới của họ.,"cefrj,gymtalk-vocab",
,A2,a2-u05,a2-u05-meaning-calendar,meaning,calendar,khát nước | rượu sâm panh | rượu vang | lịch,lịch,,I marked the date on my calendar.,Tôi đã đánh dấu ngày đó trên lịch.,"cefrj,gymtalk-vocab",
,A2,a2-u05,a2-u05-meaning-century,meaning,century,thế kỷ | bữa ăn nhẹ | đồng hồ báo thức | lịch,thế kỷ,,The building is over one century old.,Tòa nhà đã hơn một thế kỷ tuổi.,"cefrj,gymtalk-vocab",
,A2,a2-u05,a2-u05-meaning-during,meaning,during,bia | trong suốt (khoảng thời gian) | khát nước | bữa ăn nhẹ,trong suốt (khoảng thời gian),,It rained during the whole trip.,Trời mưa suốt cả chuyến đi.,"cefrj,gymtalk-vocab",
,A2,a2-u05,a2-u05-meaning-instant,meaning,instant,"nước chanh | rượu vang | khoảnh khắc, tức thì | bia","khoảnh khắc, tức thì",,"In an instant, the whole room went silent.","Trong khoảnh khắc, cả căn phòng im lặng.","cefrj,gymtalk-vocab",
,A2,a2-u05,a2-u05-gapFill-snack,gapFill,She had a small ___ before dinner.,during | snack | sake | soda,snack,Cô ấy ăn nhẹ trước bữa tối.,She had a small snack before dinner.,Cô ấy ăn nhẹ trước bữa tối.,"cefrj,gymtalk-vocab",
,A2,a2-u05,a2-u05-listening-beer,listening,beer,century | snack | during | beer,beer,,They ordered a beer with their meal.,Họ gọi một ly bia cùng bữa ăn.,"cefrj,gymtalk-vocab",
,A2,a2-u05,a2-u05-wordScramble-champagne,wordScramble,champagne,champagne,champagne,rượu sâm panh,They opened a bottle of champagne to celebrate.,Họ khui một chai sâm panh để ăn mừng.,"cefrj,gymtalk-vocab",
,A2,a2-u05,a2-u05-gapFill-lemonade,gapFill,This ___ tastes too sweet.,snack | sake | lemonade | century,lemonade,Nước chanh này quá ngọt.,She made fresh lemonade for the party.,Cô ấy pha nước chanh tươi cho bữa tiệc.,"cefrj,tatoeba",
yes,A2,a2-u05,a2-u05-listening-mineral-water,listening,mineral water,lemonade | mineral water | beer | champagne,mineral water,,He always carries a bottle of mineral water.,Anh ấy luôn mang theo một chai nước khoáng.,"cefrj,gymtalk-vocab",
,A2,a2-u05,a2-u05-wordScramble-sake,wordScramble,sake,sake,sake,rượu sake,Sake is a traditional Japanese rice wine.,Sake là rượu gạo truyền thống của Nhật Bản.,"cefrj,gymtalk-vocab",
,A2,a2-u05,a2-u05-gapFill-soda,gapFill,He drank a cold ___ after the game.,snack | during | mineral water | soda,soda,Anh ấy uống một ly sô-đa lạnh sau trận đấu.,He drank a cold soda after the game.,Anh ấy uống một ly sô-đa lạnh sau trận đấu.,"cefrj,gymtalk-vocab",
,A2,a2-u05,a2-u05-listening-thirsty,listening,thirsty,lemonade | thirsty | century | champagne,thirsty,,,Tôi khát nước sau chuyến đi bộ dài.,"cefrj,gymtalk-vocab",
,A2,a2-u05,a2-u05-wordScramble-wine,wordScramble,wine,wine,wine,rượu vang,They shared a bottle of red wine.,Họ chia nhau một chai rượu vang đỏ.,"cefrj,gymtalk-vocab",
,A2,a2-u05,a2-u05-gapFill-alarm-clock,gapFill,Her ___ went off at six.,alarm clock | sake | lemonade | wine,alarm clock,Đồng hồ báo thức của cô ấy reo lúc sáu giờ.,Her alarm clock went off at six.,Đồng hồ báo thức của cô ấy reo lúc sáu giờ.,"cefrj,gymtalk-vocab",
,A2,a2-u05,a2-u05-listening-anniversary,listening,anniversary,thirsty | beer | anniversary | wine,anniversary,,Today is their wedding anniversary.,Hôm nay là ngày kỷ niệm đám cưới của họ.,"cefrj,gymtalk-vocab",
,A2,a2-u05,a2-u05-wordScramble-calendar,wordScramble,calendar,calendar,calendar,lịch,I marked the date on my calendar.,Tôi đã đánh dấu ngày đó trên lịch.,"cefrj,gymtalk-vocab",
,A2,a2-u05,a2-u05-gapFill-century,gapFill,He died in the 18th ___.,lemonade | sake | instant | century,century,Anh ấy đã chết vào thế kỉ 18.,The building is over one century old.,Tòa nhà đã hơn một thế kỷ tuổi.,"cefrj,tatoeba",
,A2,a2-u05,a2-u05-listening-during,listening,during,snack | anniversary | soda | during,during,,It rained during the whole trip.,Trời mưa suốt cả chuyến đi.,"cefrj,gymtalk-vocab",
,A2,a2-u05,a2-u05-wordScramble-instant,wordScramble,instant,instant,instant,"khoảnh khắc, tức thì","In an instant, the whole room went silent.","Trong khoảnh khắc, cả căn phòng im lặng.","cefrj,gymtalk-vocab",
yes,A2,a2-u05,a2-u05-grammar-will-1,grammar,"Don't worry, you ___ feel better after stretching.",will | are | do | would to,will,will + động từ nguyên mẫu để dự đoán hoặc quyết định ngay lúc nói.,,,gymtalk-grammar,
,A2,a2-u05,a2-u05-grammar-will-2,grammar,I'm tired. I think I ___ rest today.,will | am | going | do,will,will + động từ nguyên mẫu để dự đoán hoặc quyết định ngay lúc nói.,,,gymtalk-grammar,
,A2,a2-u05,a2-u05-grammar-will-3,grammar,It will ___ easier next week.,be | is | being | been,be,will + động từ nguyên mẫu để dự đoán hoặc quyết định ngay lúc nói.,,,gymtalk-grammar,
,A2,a2-u06,a2-u06-meaning-midday,meaning,midday,giữa trưa | lịch trình | khăn quàng cổ | ngày nay,giữa trưa,,We ate lunch at midday.,Chúng tôi ăn trưa vào giữa trưa.,"cefrj,gymtalk-vocab",
yes,A2,a2-u06,a2-u06-meaning-midnight,meaning,midnight,khăn quàng cổ | nửa đêm | ngày nay | áo mưa,nửa đêm,,The party ended at midnight.,Bữa tiệc kết thúc lúc nửa đêm.,"cefrj,gymtalk-vocab",
,A2,a2-u06,a2-u06-meaning-noon,meaning,noon,"thắt lưng | giữa trưa | bộ vest | rộng, lỏng",giữa trưa,,,Hãy gặp nhau lúc giữa trưa để ăn trưa.,"cefrj,gymtalk-vocab",
,A2,a2-u06,a2-u06-meaning-nowadays,meaning,nowadays,ngày nay | khăn quàng cổ | thắt lưng | giữa trưa,ngày nay,,"Nowadays, most people own a smartphone.","Ngày nay, hầu hết mọi người đều có điện thoại thông minh.","cefrj,gymtalk-vocab",
,A2,a2-u06,a2-u06-meaning-schedule,meaning,schedule,"da (chất liệu) | quần đùi, quần short | áo mưa | lịch trình",lịch trình,,My schedule is full this week.,Lịch trình của tôi kín tuần này.,"cefrj,gymtalk-vocab",
,A2,a2-u06,a2-u06-meaning-weekday,meaning,weekday,áo mưa | lịch trình | khăn quàng cổ | ngày trong tuần (thứ Hai-Sáu),ngày trong tuần (thứ Hai-Sáu),,I only work on weekdays.,Tôi chỉ làm việc vào các ngày trong tuần.,"cefrj,gymtalk-vocab",
,A2,a2-u06,a2-u06-meaning-while,meaning,while,thắt lưng | lịch trình | túi xách | trong khi,trong khi,,She listens to music while cooking.,Cô ấy nghe nhạc trong khi nấu ăn.,"cefrj,gymtalk-vocab",
,A2,a2-u06,a2-u06-meaning-belt,meaning,belt,"rộng, lỏng | quần đùi, quần short | thắt lưng | giữa trưa",thắt lưng,,His belt matches his shoes.,Thắt lưng của anh ấy hợp với đôi giày.,"cefrj,gymtalk-vocab",
,A2,a2-u06,a2-u06-meaning-handbag,meaning,handbag,"nửa đêm | trong khi | túi xách | quần đùi, quần short",túi xách,,She carries a small handbag every day.,Cô ấy mang một chiếc túi xách nhỏ mỗi ngày.,"cefrj,gymtalk-vocab",
,A2,a2-u06,a2-u06-meaning-leather,meaning,leather,thắt lưng | da (chất liệu) | trong khi | ngày trong tuần (thứ Hai-Sáu),da (chất liệu),,He owns a leather jacket.,Anh ấy sở hữu một chiếc áo khoác da.,"cefrj,gymtalk-vocab",
,A2,a2-u06,a2-u06-meaning-loose,meaning,loose,"lịch trình | rộng, lỏng | thắt lưng | áo mưa","rộng, lỏng",,"He prefers loose, comfortable clothes.","Anh ấy thích quần áo rộng rãi, thoải mái.","cefrj,gymtalk-vocab",
,A2,a2-u06,a2-u06-meaning-raincoat,meaning,raincoat,áo mưa | thắt lưng | giữa trưa | khăn quàng cổ,áo mưa,,Bring a raincoat; it might rain later.,Mang theo áo mưa vì trời có thể mưa sau đó.,"cefrj,gymtalk-vocab",
,A2,a2-u06,a2-u06-meaning-scarf,meaning,scarf,da (chất liệu) | túi xách | khăn quàng cổ | nửa đêm,khăn quàng cổ,,She wrapped a scarf around her neck.,Cô ấy quàng khăn quanh cổ.,"cefrj,gymtalk-vocab",
,A2,a2-u06,a2-u06-meaning-shorts,meaning,shorts,"da (chất liệu) | túi xách | ngày nay | quần đùi, quần short","quần đùi, quần short",,He wears shorts when it is hot.,Anh ấy mặc quần short khi trời nóng.,"cefrj,gymtalk-vocab",
,A2,a2-u06,a2-u06-meaning-suit,meaning,suit,"giữa trưa | bộ vest | khăn quàng cổ | quần đùi, quần short",bộ vest,,He wore a black suit to the interview.,Anh ấy mặc bộ vest đen đi phỏng vấn.,"cefrj,gymtalk-vocab",
,A2,a2-u06,a2-u06-gapFill-midday,gapFill,We ate lunch at ___.,midnight | midday | shorts | belt,midday,Chúng tôi ăn trưa vào giữa trưa.,We ate lunch at midday.,Chúng tôi ăn trưa vào giữa trưa.,"cefrj,gymtalk-vocab",
,A2,a2-u06,a2-u06-listening-midnight,listening,midnight,midday | schedule | leather | midnight,midnight,,The party ended at midnight.,Bữa tiệc kết thúc lúc nửa đêm.,"cefrj,gymtalk-vocab",
,A2,a2-u06,a2-u06-wordScramble-noon,wordScramble,noon,noon,noon,giữa trưa,,Hãy gặp nhau lúc giữa trưa để ăn trưa.,"cefrj,gymtalk-vocab",
,A2,a2-u06,a2-u06-gapFill-nowadays,gapFill,___ more and more people prefer country life to city life.,scarf | nowadays | shorts | midday,nowadays,"Ngày nay, ngày càng có nhiều người trở nên thích cuộc sống ở nông thôn hơn là cuộc sống ở thành phố.","Nowadays, most people own a smartphone.","Ngày nay, hầu hết mọi người đều có điện thoại thông minh.","cefrj,tatoeba",
,A2,a2-u06,a2-u06-listening-schedule,listening,schedule,handbag | schedule | midday | scarf,schedule,,My schedule is full this week.,Lịch trình của tôi kín tuần này.,"cefrj,gymtalk-vocab",
,A2,a2-u06,a2-u06-wordScramble-weekday,wordScramble,weekday,weekday,weekday,ngày trong tuần (thứ Hai-Sáu),I only work on weekdays.,Tôi chỉ làm việc vào các ngày trong tuần.,"cefrj,gymtalk-vocab",
,A2,a2-u06,a2-u06-gapFill-while,gapFill,Do not read ___ walking.,handbag | while | loose | scarf,while,Đừng có vừa đi vừa đọc.,She listens to music while cooking.,Cô ấy nghe nhạc trong khi nấu ăn.,"cefrj,tatoeba",
,A2,a2-u06,a2-u06-listening-belt,listening,belt,midnight | scarf | shorts | belt,belt,,His belt matches his shoes.,Thắt lưng của anh ấy hợp với đôi giày.,"cefrj,gymtalk-vocab",
,A2,a2-u06,a2-u06-wordScramble-handbag,wordScramble,handbag,handbag,handbag,túi xách,She carries a small handbag every day.,Cô ấy mang một chiếc túi xách nhỏ mỗi ngày.,"cefrj,gymtalk-vocab",
,A2,a2-u06,a2-u06-gapFill-leather,gapFill,He owns a ___ jacket.,belt | leather | scarf | shorts,leather,Anh ấy sở hữu một chiếc áo khoác da.,He owns a leather jacket.,Anh ấy sở hữu một chiếc áo khoác da.,"cefrj,gymtalk-vocab",
,A2,a2-u06,a2-u06-listening-loose,listening,loose,handbag | scarf | loose | while,loose,,"He prefers loose, comfortable clothes.","Anh ấy thích quần áo rộng rãi, thoải mái.","cefrj,gymtalk-vocab",
,A2,a2-u06,a2-u06-wordScramble-raincoat,wordScramble,raincoat,raincoat,raincoat,áo mưa,Bring a raincoat; it might rain later.,Mang theo áo mưa vì trời có thể mưa sau đó.,"cefrj,gymtalk-vocab",
,A2,a2-u06,a2-u06-gapFill-scarf,gapFill,She wrapped a ___ around her neck.,belt | schedule | scarf | loose,scarf,Cô ấy quàng khăn quanh cổ.,She wrapped a scarf around her neck.,Cô ấy quàng khăn quanh cổ.,"cefrj,gymtalk-vocab",
,A2,a2-u06,a2-u06-listening-shorts,listening,shorts,shorts | belt | leather | raincoat,shorts,,He wears shorts when it is hot.,Anh ấy mặc quần short khi trời nóng.,"cefrj,gymtalk-vocab",
,A2,a2-u06,a2-u06-wordScramble-suit,wordScramble,suit,suit,suit,bộ vest,He wore a black suit to the interview.,Anh ấy mặc bộ vest đen đi phỏng vấn.,"cefrj,gymtalk-vocab",
yes,A2,a2-u06,a2-u06-grammar-comparatives-1,grammar,My legs are ___ than last year.,stronger | strongest | more strong | strong,stronger,Tính từ ngắn thêm -er + than (strong → stronger than); tính từ dài dùng more + than.,,,gymtalk-grammar,
,A2,a2-u06,a2-u06-grammar-comparatives-2,grammar,Swimming is ___ than walking.,more difficult | difficulter | most difficult | difficult,more difficult,Tính từ ngắn thêm -er + than (strong → stronger than); tính từ dài dùng more + than.,,,gymtalk-grammar,
,A2,a2-u06,a2-u06-grammar-comparatives-3,grammar,This dumbbell is heavier ___ that one.,than | that | then | as,than,Tính từ ngắn thêm -er + than (strong → stronger than); tính từ dài dùng more + than.,,,gymtalk-grammar,
,A2,a2-u07,a2-u07-meaning-sweater,meaning,sweater,áo len | cà vạt | nhiệt độ | quần tất,áo len,,I need a warm sweater for winter.,Tôi cần một chiếc áo len ấm cho mùa đông.,"cefrj,gymtalk-vocab",
,A2,a2-u07,a2-u07-meaning-swimsuit,meaning,swimsuit,đồ bơi | nhiều gió | cà vạt | bão,đồ bơi,,She packed a swimsuit for the beach trip.,Cô ấy mang theo đồ bơi cho chuyến đi biển.,"cefrj,gymtalk-vocab",
,A2,a2-u07,a2-u07-meaning-tie,meaning,tie,ví (nam) | ánh sáng ban ngày | nhiệt độ | cà vạt,cà vạt,,He wore a red tie for the meeting.,Anh ấy đeo cà vạt đỏ cho buổi họp.,"cefrj,gymtalk-vocab",
yes,A2,a2-u07,a2-u07-meaning-tights,meaning,tights,người trưởng thành | quần tất | làn gió nhẹ | cà vạt,quần tất,,She wore black tights under her skirt.,Cô ấy mang quần tất đen bên trong váy.,"cefrj,gymtalk-vocab",
yes,A2,a2-u07,a2-u07-meaning-uniform,meaning,uniform,đồng phục | bão | cà vạt | người trưởng thành,đồng phục,,Students must wear a school uniform.,Học sinh phải mặc đồng phục.,"cefrj,gymtalk-vocab",
,A2,a2-u07,a2-u07-meaning-wallet,meaning,wallet,bão | đồng phục | làn gió nhẹ | ví (nam),ví (nam),,He keeps his cards in his wallet.,Anh ấy để thẻ trong ví.,"cefrj,gymtalk-vocab",
,A2,a2-u07,a2-u07-meaning-wool,meaning,wool,làn gió nhẹ | ánh sáng ban ngày | bão | len,len,,This sweater is made of wool.,Chiếc áo len này được làm từ len.,"cefrj,gymtalk-vocab",
,A2,a2-u07,a2-u07-meaning-breeze,meaning,breeze,quần tất | làn gió nhẹ | đồng phục | cà vạt,làn gió nhẹ,,A gentle breeze blew through the trees.,Một làn gió nhẹ thổi qua hàng cây.,"cefrj,gymtalk-vocab",
yes,A2,a2-u07,a2-u07-meaning-daylight,meaning,daylight,người cao tuổi | ánh sáng ban ngày | áo len | đồ bơi,ánh sáng ban ngày,,There are fewer hours of daylight in winter.,Mùa đông có ít giờ ánh sáng ban ngày hơn.,"cefrj,gymtalk-vocab",
,A2,a2-u07,a2-u07-meaning-storm,meaning,storm,người cao tuổi | bão | cà vạt | len,bão,,A storm is coming this weekend.,Một cơn bão sắp đến vào cuối tuần này.,"cefrj,gymtalk-vocab",
,A2,a2-u07,a2-u07-meaning-temperature,meaning,temperature,đồng phục | len | nhiệt độ | ví (nam),nhiệt độ,,The temperature dropped suddenly last night.,Nhiệt độ giảm đột ngột vào tối qua.,"cefrj,gymtalk-vocab",
,A2,a2-u07,a2-u07-meaning-windy,meaning,windy,nhiều gió | làn gió nhẹ | nhiệt độ | áo len,nhiều gió,,It was too windy to fly a kite.,Trời quá nhiều gió để thả diều.,"cefrj,gymtalk-vocab",
,A2,a2-u07,a2-u07-meaning-adult,meaning,adult,ví (nam) | người trưởng thành | đồng phục | len,người trưởng thành,,"As an adult, he now supports his parents.","Khi đã trưởng thành, anh ấy giờ chăm sóc cha mẹ.","cefrj,gymtalk-vocab",
,A2,a2-u07,a2-u07-meaning-ancestor,meaning,ancestor,đồng phục | tổ tiên | đồ bơi | quần tất,tổ tiên,,We pray to our ancestors on this holiday.,Chúng tôi thắp hương tổ tiên vào ngày lễ này.,"cefrj,gymtalk-vocab",
,A2,a2-u07,a2-u07-meaning-elderly,meaning,elderly,cà vạt | người cao tuổi | bão | đồ bơi,người cao tuổi,,We should take good care of the elderly.,Chúng ta nên chăm sóc tốt cho người cao tuổi.,"cefrj,gymtalk-vocab",
,A2,a2-u07,a2-u07-gapFill-sweater,gapFill,Try on this ___.,elderly | tie | windy | sweater,sweater,Bạn mặc thử cái áo len này đi.,I need a warm sweater for winter.,Tôi cần một chiếc áo len ấm cho mùa đông.,"cefrj,tatoeba",
,A2,a2-u07,a2-u07-listening-swimsuit,listening,swimsuit,swimsuit | adult | elderly | wool,swimsuit,,She packed a swimsuit for the beach trip.,Cô ấy mang theo đồ bơi cho chuyến đi biển.,"cefrj,gymtalk-vocab",
,A2,a2-u07,a2-u07-wordScramble-tie,wordScramble,tie,tie,tie,cà vạt,He wore a red tie for the meeting.,Anh ấy đeo cà vạt đỏ cho buổi họp.,"cefrj,gymtalk-vocab",
,A2,a2-u07,a2-u07-gapFill-tights,gapFill,She wore black ___ under her skirt.,temperature | tights | adult | wool,tights,Cô ấy mang quần tất đen bên trong váy.,She wore black tights under her skirt.,Cô ấy mang quần tất đen bên trong váy.,"cefrj,gymtalk-vocab",
,A2,a2-u07,a2-u07-listening-uniform,listening,uniform,windy | uniform | sweater | elderly,uniform,,Students must wear a school uniform.,Học sinh phải mặc đồng phục.,"cefrj,gymtalk-vocab",
,A2,a2-u07,a2-u07-wordScramble-wallet,wordScramble,wallet,wallet,wallet,ví (nam),He keeps his cards in his wallet.,Anh ấy để thẻ trong ví.,"cefrj,gymtalk-vocab",
,A2,a2-u07,a2-u07-gapFill-wool,gapFill,How can you wear a ___ sweater in this heat?,uniform | adult | wool | ancestor,wool,Làm sao bạn có thể mặc áo len giữa nắng nóng như thế này?,This sweater is made of wool.,Chiếc áo len này được làm từ len.,"cefrj,tatoeba",
,A2,a2-u07,a2-u07-listening-breeze,listening,breeze,tights | temperature | breeze | tie,breeze,,A gentle breeze blew through the trees.,Một làn gió nhẹ thổi qua hàng cây.,"cefrj,gymtalk-vocab",
,A2,a2-u07,a2-u07-wordScramble-daylight,wordScramble,daylight,daylight,daylight,ánh sáng ban ngày,There are fewer hours of daylight in winter.,Mùa đông có ít giờ ánh sáng ban ngày hơn.,"cefrj,gymtalk-vocab",
,A2,a2-u07,a2-u07-gapFill-storm,gapFill,A ___ is coming.,tights | storm | daylight | temperature,storm,Một cơn bão sắp đến.,A storm is coming this weekend.,Một cơn bão sắp đến vào cuối tuần này.,"cefrj,tatoeba",
,A2,a2-u07,a2-u07-listening-temperature,listening,temperature,tie | temperature | ancestor | adult,temperature,,The temperature dropped suddenly last night.,Nhiệt độ giảm đột ngột vào tối qua.,"cefrj,gymtalk-vocab",
,A2,a2-u07,a2-u07-wordScramble-windy,wordScramble,windy,windy,windy,nhiều gió,It was too windy to fly a kite.,Trời quá nhiều gió để thả diều.,"cefrj,gymtalk-vocab",
,A2,a2-u07,a2-u07-gapFill-adult,gapFill,"In many countries, over eighteen years old is an ___.",temperature | swimsuit | uniform | adult,adult,"Ở nhiều quốc gia, trên mười tám tuổi là người trưởng thành.","As an adult, he now supports his parents.","Khi đã trưởng thành, anh ấy giờ chăm sóc cha mẹ.","cefrj,tatoeba",
,A2,a2-u07,a2-u07-listening-ancestor,listening,ancestor,sweater | breeze | uniform | ancestor,ancestor,,We pray to our ancestors on this holiday.,Chúng tôi thắp hương tổ tiên vào ngày lễ này.,"cefrj,gymtalk-vocab",
,A2,a2-u07,a2-u07-wordScramble-elderly,wordScramble,elderly,elderly,elderly,người cao tuổi,We should take good care of the elderly.,Chúng ta nên chăm sóc tốt cho người cao tuổi.,"cefrj,gymtalk-vocab",
,A2,a2-u07,a2-u07-grammar-superlatives-1,grammar,She is the ___ runner in our club.,fastest | faster | most fast | fast,fastest,the + tính từ ngắn thêm -est (the fastest); tính từ dài dùng the most.,,,gymtalk-grammar,
,A2,a2-u07,a2-u07-grammar-superlatives-2,grammar,Squats are the ___ exercise for me.,most important | importantest | more important | important,most important,the + tính từ ngắn thêm -est (the fastest); tính từ dài dùng the most.,,,gymtalk-grammar,
,A2,a2-u07,a2-u07-grammar-superlatives-3,grammar,This is ___ best protein bar I know.,the | a | more | most,the,the + tính từ ngắn thêm -est (the fastest); tính từ dài dùng the most.,,,gymtalk-grammar,
,A2,a2-u08,a2-u08-meaning-generation,meaning,generation,thoải mái | lo âu | thế hệ | buồn ngủ,thế hệ,,Three generations live under one roof.,Ba thế hệ sống chung dưới một mái nhà.,"cefrj,gymtalk-vocab",
yes,A2,a2-u08,a2-u08-meaning-grandchild,meaning,grandchild,"biết ơn | lúng túng, bối rối | cháu (nội/ngoại) | lo âu",cháu (nội/ngoại),,She dotes on her only grandchild.,Bà cưng chiều đứa cháu duy nhất của mình.,"cefrj,gymtalk-vocab",
yes,A2,a2-u08,a2-u08-meaning-granddaughter,meaning,granddaughter,thiếu niên | cháu trai | cháu gái (nội/ngoại) | buồn ngủ,cháu gái (nội/ngoại),,His granddaughter just started school.,Cháu gái của ông vừa mới đi học.,"cefrj,gymtalk-vocab",
,A2,a2-u08,a2-u08-meaning-grandson,meaning,grandson,cháu trai | buồn ngủ | lo âu | thiếu niên,cháu trai,,Her grandson visits every weekend.,Cháu trai của bà đến thăm mỗi cuối tuần.,"cefrj,gymtalk-vocab",
,A2,a2-u08,a2-u08-meaning-teenager,meaning,teenager,"lo lắng, hồi hộp | thoải mái | thích thú, buồn cười | thiếu niên",thiếu niên,,Most teenagers enjoy spending time with friends.,Hầu hết thiếu niên thích dành thời gian với bạn bè.,"cefrj,gymtalk-vocab",
,A2,a2-u08,a2-u08-meaning-amused,meaning,amused,"cháu gái (nội/ngoại) | cháu (nội/ngoại) | thích thú, buồn cười | thoải mái","thích thú, buồn cười",,The children were amused by the clown.,Bọn trẻ thích thú với chú hề.,"cefrj,gymtalk-vocab",
,A2,a2-u08,a2-u08-meaning-anxious,meaning,anxious,"thích thú, buồn cười | thế hệ | lo âu | thiếu niên",lo âu,,She felt anxious about the exam results.,Cô ấy cảm thấy lo âu về kết quả kỳ thi.,"cefrj,gymtalk-vocab",
yes,A2,a2-u08,a2-u08-meaning-bored,meaning,bored,chán | thất vọng | cháu trai | thoải mái,chán,,I get bored on long flights.,Tôi thấy chán trong những chuyến bay dài.,"cefrj,gymtalk-vocab",
yes,A2,a2-u08,a2-u08-meaning-comfortable,meaning,comfortable,"cháu trai | thoải mái | biết ơn | lúng túng, bối rối",thoải mái,,This sofa is very comfortable.,Chiếc ghế sofa này rất thoải mái.,"cefrj,gymtalk-vocab",
,A2,a2-u08,a2-u08-meaning-confused,meaning,confused,"lúng túng, bối rối | biết ơn | thiếu niên | ngạc nhiên","lúng túng, bối rối",,I was confused by the complicated instructions.,Tôi thấy bối rối vì hướng dẫn quá phức tạp.,"cefrj,gymtalk-vocab",
,A2,a2-u08,a2-u08-meaning-disappointed,meaning,disappointed,"buồn ngủ | thất vọng | thích thú, buồn cười | lo lắng, hồi hộp",thất vọng,,He was disappointed with his test score.,Anh ấy thất vọng với điểm thi của mình.,"cefrj,gymtalk-vocab",
,A2,a2-u08,a2-u08-meaning-grateful,meaning,grateful,cháu (nội/ngoại) | cháu trai | cháu gái (nội/ngoại) | biết ơn,biết ơn,,I am grateful for your help.,Tôi rất biết ơn sự giúp đỡ của bạn.,"cefrj,gymtalk-vocab",
,A2,a2-u08,a2-u08-meaning-nervous,meaning,nervous,"lo lắng, hồi hộp | thất vọng | thích thú, buồn cười | buồn ngủ","lo lắng, hồi hộp",,He felt nervous before the interview.,Anh ấy cảm thấy hồi hộp trước buổi phỏng vấn.,"cefrj,gymtalk-vocab",
,A2,a2-u08,a2-u08-meaning-sleepy,meaning,sleepy,chán | biết ơn | buồn ngủ | cháu (nội/ngoại),buồn ngủ,,The baby looks sleepy after lunch.,Em bé trông buồn ngủ sau bữa trưa.,"cefrj,gymtalk-vocab",
,A2,a2-u08,a2-u08-meaning-surprised,meaning,surprised,"lo lắng, hồi hộp | thiếu niên | thích thú, buồn cười | ngạc nhiên",ngạc nhiên,,She was surprised by the party.,Cô ấy ngạc nhiên vì bữa tiệc.,"cefrj,gymtalk-vocab",
,A2,a2-u08,a2-u08-gapFill-generation,gapFill,My uncle's views are representative of his ___.,grandson | generation | comfortable | surprised,generation,Góc nhìn của bác tôi đại diện cho thế hệ của bác ấy.,Three generations live under one roof.,Ba thế hệ sống chung dưới một mái nhà.,"cefrj,tatoeba",
,A2,a2-u08,a2-u08-listening-grandchild,listening,grandchild,amused | bored | sleepy | grandchild,grandchild,,She dotes on her only grandchild.,Bà cưng chiều đứa cháu duy nhất của mình.,"cefrj,gymtalk-vocab",
,A2,a2-u08,a2-u08-gapFill-granddaughter,gapFill,His ___ just started school.,bored | nervous | grateful | granddaughter,granddaughter,Cháu gái của ông vừa mới đi học.,His granddaughter just started school.,Cháu gái của ông vừa mới đi học.,"cefrj,gymtalk-vocab",
,A2,a2-u08,a2-u08-gapFill-grandson,gapFill,"In this photo, I remember my ___ was only five years old.",generation | grandchild | grandson | granddaughter,grandson,"Trong bức ảnh này, tôi vẫn còn nhớ cháu trai tôi khi ấy mới chỉ năm tuổi.",Her grandson visits every weekend.,Cháu trai của bà đến thăm mỗi cuối tuần.,"cefrj,tatoeba",
,A2,a2-u08,a2-u08-listening-teenager,listening,teenager,teenager | nervous | disappointed | granddaughter,teenager,,Most teenagers enjoy spending time with friends.,Hầu hết thiếu niên thích dành thời gian với bạn bè.,"cefrj,gymtalk-vocab",
,A2,a2-u08,a2-u08-wordScramble-amused,wordScramble,amused,amused,amused,"thích thú, buồn cười",The children were amused by the clown.,Bọn trẻ thích thú với chú hề.,"cefrj,gymtalk-vocab",
yes,A2,a2-u08,a2-u08-gapFill-anxious,gapFill,She felt ___ about the exam results.,comfortable | generation | anxious | bored,anxious,Cô ấy cảm thấy lo âu về kết quả kỳ thi.,She felt anxious about the exam results.,Cô ấy cảm thấy lo âu về kết quả kỳ thi.,"cefrj,gymtalk-vocab",
,A2,a2-u08,a2-u08-listening-bored,listening,bored,surprised | bored | nervous | comfortable,bored,,I get bored on long flights.,Tôi thấy chán trong những chuyến bay dài.,"cefrj,gymtalk-vocab",
,A2,a2-u08,a2-u08-gapFill-comfortable,gapFill,The seats are ___.,grandson | comfortable | disappointed | generation,comfortable,Những ghế ngồi rất thoải mái.,This sofa is very comfortable.,Chiếc ghế sofa này rất thoải mái.,"cefrj,tatoeba",
,A2,a2-u08,a2-u08-gapFill-confused,gapFill,"They are ___, aren't they?",confused | comfortable | grateful | granddaughter,confused,"Họ đang cảm thấy khó hiểu, phải không?",I was confused by the complicated instructions.,Tôi thấy bối rối vì hướng dẫn quá phức tạp.,"cefrj,tatoeba",
,A2,a2-u08,a2-u08-listening-disappointed,listening,disappointed,disappointed | grateful | comfortable | confused,disappointed,,He was disappointed with his test score.,Anh ấy thất vọng với điểm thi của mình.,"cefrj,gymtalk-vocab",
,A2,a2-u08,a2-u08-wordScramble-grateful,wordScramble,grateful,grateful,grateful,biết ơn,I am grateful for your help.,Tôi rất biết ơn sự giúp đỡ của bạn.,"cefrj,gymtalk-vocab",
,A2,a2-u08,a2-u08-gapFill-nervous,gapFill,You're making us ___.,amused | confused | teenager | nervous,nervous,Bạn làm chúng tôi hồi hộp.,He felt nervous before the interview.,Anh ấy cảm thấy hồi hộp trước buổi phỏng vấn.,"cefrj,tatoeba",
,A2,a2-u08,a2-u08-listening-sleepy,listening,sleepy,grandson | sleepy | grateful | generation,sleepy,,The baby looks sleepy after lunch.,Em bé trông buồn ngủ sau bữa trưa.,"cefrj,gymtalk-vocab",
yes,A2,a2-u08,a2-u08-wordScramble-surprised,wordScramble,surprised,surprised,surprised,ngạc nhiên,She was surprised by the party.,Cô ấy ngạc nhiên vì bữa tiệc.,"cefrj,gymtalk-vocab",
,A2,a2-u08,a2-u08-grammar-adverbs-frequency-1,grammar,I ___ warm up before I run.,always | never always | am always | always am,always,"always, usually, often, sometimes, never đứng trước động từ thường và sau động từ be.",,,gymtalk-grammar,
,A2,a2-u08,a2-u08-grammar-adverbs-frequency-2,grammar,He is ___ late for class.,never | don't | not never | no,never,"always, usually, often, sometimes, never đứng trước động từ thường và sau động từ be.",,,gymtalk-grammar,
,A2,a2-u08,a2-u08-grammar-adverbs-frequency-3,grammar,"We ___ train on Sundays, maybe once a month.",sometimes | always | every | usually always,sometimes,"always, usually, often, sometimes, never đứng trước động từ thường và sau động từ be.",,,gymtalk-grammar,
,A2,a2-u09,a2-u09-meaning-uneasy,meaning,uneasy,"lo lắng, không yên tâm | hàng rào | gương | ga-ra ô tô","lo lắng, không yên tâm",,She felt uneasy walking alone at night.,Cô ấy cảm thấy không yên tâm khi đi bộ một mình vào ban đêm.,"cefrj,gymtalk-vocab",
,A2,a2-u09,a2-u09-meaning-worried,meaning,worried,gương | ban công | lo lắng | tủ sách,lo lắng,,,Họ lo lắng khi anh ấy không trả lời điện thoại.,"cefrj,gymtalk-vocab",
,A2,a2-u09,a2-u09-meaning-balcony,meaning,balcony,lo lắng | kệ sách | ngăn kéo | ban công,ban công,,We have coffee on the balcony every morning.,Chúng tôi uống cà phê ở ban công mỗi sáng.,"cefrj,gymtalk-vocab",
,A2,a2-u09,a2-u09-meaning-blanket,meaning,blanket,"gương | cổng | tấm chăn, mền | kệ sách","tấm chăn, mền",,He pulled the blanket over his shoulders.,Anh ấy kéo chăn lên đắp vai.,"cefrj,gymtalk-vocab",
,A2,a2-u09,a2-u09-meaning-bookcase,meaning,bookcase,tủ sách | lo lắng | hàng rào | gương,tủ sách,,His bookcase is filled with novels.,Tủ sách của anh ấy đầy tiểu thuyết.,"cefrj,gymtalk-vocab",
,A2,a2-u09,a2-u09-meaning-bookshelf,meaning,bookshelf,"lược | tấm chăn, mền | kệ sách | đèn",kệ sách,,The bookshelf is full of novels.,Kệ sách đầy tiểu thuyết.,"cefrj,gymtalk-vocab",
,A2,a2-u09,a2-u09-meaning-comb,meaning,comb,"lược | lo lắng | ban công | lo lắng, không yên tâm",lược,,He used a comb to fix his hair.,Anh ấy dùng lược để chải tóc.,"cefrj,gymtalk-vocab",
,A2,a2-u09,a2-u09-meaning-drawer,meaning,drawer,"ngăn kéo | hàng rào | tủ sách | khung (ảnh, cửa)",ngăn kéo,,She keeps her socks in the top drawer.,Cô ấy để tất trong ngăn kéo trên cùng.,"cefrj,gymtalk-vocab",
,A2,a2-u09,a2-u09-meaning-fence,meaning,fence,"lo lắng | khung (ảnh, cửa) | hàng rào | cổng",hàng rào,,He painted the fence white.,Anh ấy đã sơn hàng rào màu trắng.,"cefrj,gymtalk-vocab",
,A2,a2-u09,a2-u09-meaning-frame,meaning,frame,"đèn | hàng rào | khung (ảnh, cửa) | mái nhà","khung (ảnh, cửa)",,The photo is in a wooden frame.,Bức ảnh nằm trong khung gỗ.,"cefrj,gymtalk-vocab",
,A2,a2-u09,a2-u09-meaning-garage,meaning,garage,"tấm chăn, mền | ga-ra ô tô | lo lắng, không yên tâm | hàng rào",ga-ra ô tô,,We park the car in the garage.,Chúng tôi đỗ xe trong ga-ra.,"cefrj,gymtalk-vocab",
,A2,a2-u09,a2-u09-meaning-gate,meaning,gate,"tấm chăn, mền | ga-ra ô tô | ngăn kéo | cổng",cổng,,Please close the gate behind you.,Vui lòng đóng cổng lại sau khi vào.,"cefrj,gymtalk-vocab",
,A2,a2-u09,a2-u09-meaning-lamp,meaning,lamp,đèn | hàng rào | ga-ra ô tô | lược,đèn,,She turned on the lamp beside her bed.,Cô ấy bật chiếc đèn cạnh giường.,"cefrj,gymtalk-vocab",
,A2,a2-u09,a2-u09-meaning-mirror,meaning,mirror,"hàng rào | gương | lo lắng, không yên tâm | tủ sách",gương,,She looked at herself in the mirror.,Cô ấy soi mình trong gương.,"cefrj,gymtalk-vocab",
,A2,a2-u09,a2-u09-meaning-roof,meaning,roof,"khung (ảnh, cửa) | mái nhà | ngăn kéo | lược",mái nhà,,The roof leaks whenever it rains heavily.,Mái nhà bị dột mỗi khi mưa to.,"cefrj,gymtalk-vocab",
,A2,a2-u09,a2-u09-gapFill-uneasy,gapFill,I felt cold and ___ all night.,frame | uneasy | roof | worried,uneasy,Tôi cảm thấy lanh và khó chịu suốt đếm.,She felt uneasy walking alone at night.,Cô ấy cảm thấy không yên tâm khi đi bộ một mình vào ban đêm.,"cefrj,tatoeba",
,A2,a2-u09,a2-u09-listening-worried,listening,worried,balcony | lamp | worried | mirror,worried,,,Họ lo lắng khi anh ấy không trả lời điện thoại.,"cefrj,gymtalk-vocab",
,A2,a2-u09,a2-u09-wordScramble-balcony,wordScramble,balcony,balcony,balcony,ban công,We have coffee on the balcony every morning.,Chúng tôi uống cà phê ở ban công mỗi sáng.,"cefrj,gymtalk-vocab",
,A2,a2-u09,a2-u09-gapFill-blanket,gapFill,I gave him a ___.,uneasy | blanket | worried | comb,blanket,Tôi đã tặng anh ấy một cái chăn.,He pulled the blanket over his shoulders.,Anh ấy kéo chăn lên đắp vai.,"cefrj,tatoeba",
,A2,a2-u09,a2-u09-listening-bookcase,listening,bookcase,lamp | frame | gate | bookcase,bookcase,,His bookcase is filled with novels.,Tủ sách của anh ấy đầy tiểu thuyết.,"cefrj,gymtalk-vocab",
,A2,a2-u09,a2-u09-wordScramble-bookshelf,wordScramble,bookshelf,bookshelf,bookshelf,kệ sách,The bookshelf is full of novels.,Kệ sách đầy tiểu thuyết.,"cefrj,gymtalk-vocab",
,A2,a2-u09,a2-u09-gapFill-comb,gapFill,Where is my ___?,blanket | worried | mirror | comb,comb,Lược của tôi đâu rồi?,He used a comb to fix his hair.,Anh ấy dùng lược để chải tóc.,"cefrj,tatoeba",
yes,A2,a2-u09,a2-u09-listening-drawer,listening,drawer,uneasy | drawer | fence | balcony,drawer,,She keeps her socks in the top drawer.,Cô ấy để tất trong ngăn kéo trên cùng.,"cefrj,gymtalk-vocab",
,A2,a2-u09,a2-u09-wordScramble-fence,wordScramble,fence,fence,fence,hàng rào,He painted the fence white.,Anh ấy đã sơn hàng rào màu trắng.,"cefrj,gymtalk-vocab",
yes,A2,a2-u09,a2-u09-gapFill-frame,gapFill,He has a heavy ___.,bookshelf | balcony | blanket | frame,frame,Ông có một khung tranh rất nặng.,The photo is in a wooden frame.,Bức ảnh nằm trong khung gỗ.,"cefrj,tatoeba",
,A2,a2-u09,a2-u09-listening-garage,listening,garage,lamp | garage | bookshelf | bookcase,garage,,We park the car in the garage.,Chúng tôi đỗ xe trong ga-ra.,"cefrj,gymtalk-vocab",
,A2,a2-u09,a2-u09-wordScramble-gate,wordScramble,gate,gate,gate,cổng,Please close the gate behind you.,Vui lòng đóng cổng lại sau khi vào.,"cefrj,gymtalk-vocab",
,A2,a2-u09,a2-u09-gapFill-lamp,gapFill,Remove the ___ from the table.,lamp | comb | bookcase | uneasy,lamp,Lấy đèn từ bàn.,She turned on the lamp beside her bed.,Cô ấy bật chiếc đèn cạnh giường.,"cefrj,tatoeba",
yes,A2,a2-u09,a2-u09-listening-mirror,listening,mirror,mirror | garage | lamp | fence,mirror,,She looked at herself in the mirror.,Cô ấy soi mình trong gương.,"cefrj,gymtalk-vocab",
,A2,a2-u09,a2-u09-wordScramble-roof,wordScramble,roof,roof,roof,mái nhà,The roof leaks whenever it rains heavily.,Mái nhà bị dột mỗi khi mưa to.,"cefrj,gymtalk-vocab",
yes,A2,a2-u09,a2-u09-grammar-much-many-some-any-1,grammar,How ___ push-ups can you do?,many | much | any | some,many,"many + danh từ đếm được số nhiều, much + danh từ không đếm được; some cho câu khẳng định, any cho câu hỏi/phủ định.",,,gymtalk-grammar,
,A2,a2-u09,a2-u09-grammar-much-many-some-any-2,grammar,I don't drink ___ coffee.,much | many | a | some of,much,"many + danh từ đếm được số nhiều, much + danh từ không đếm được; some cho câu khẳng định, any cho câu hỏi/phủ định.",,,gymtalk-grammar,
,A2,a2-u09,a2-u09-grammar-much-many-some-any-3,grammar,Do you have ___ water left?,any | many | a | an,any,"many + danh từ đếm được số nhiều, much + danh từ không đếm được; some cho câu khẳng định, any cho câu hỏi/phủ định.",,,gymtalk-grammar,
,A2,a2-u10,a2-u10-meaning-advertisement,meaning,advertisement,"giám đốc, quản lý | quảng cáo | hóa đơn | cửa hàng tạp hóa",quảng cáo,,I saw the advertisement for the sale on TV.,Tôi thấy quảng cáo giảm giá trên tivi.,"cefrj,gymtalk-vocab",
,A2,a2-u10,a2-u10-meaning-bargain,meaning,bargain,"mặc cả, món hời | hóa đơn | thương hiệu | rẻ","mặc cả, món hời",,She got a great bargain on the shoes.,Cô ấy mua được đôi giày với giá rất hời.,"cefrj,gymtalk-vocab",
,A2,a2-u10,a2-u10-meaning-basket,meaning,basket,"rổ, giỏ | giám đốc, quản lý | trưng bày | khách hàng","rổ, giỏ",,She carried a basket of fruit.,Cô ấy xách một giỏ trái cây.,"cefrj,gymtalk-vocab",
,A2,a2-u10,a2-u10-meaning-brand,meaning,brand,tiệm thuốc | thương hiệu | ngân sách | đổi hàng,thương hiệu,,This is a popular clothing brand.,Đây là một thương hiệu quần áo phổ biến.,"cefrj,gymtalk-vocab",
yes,A2,a2-u10,a2-u10-meaning-budget,meaning,budget,quảng cáo | ngân sách | thương hiệu | cửa hàng tạp hóa,ngân sách,,I set a budget before going shopping.,Tôi lập ngân sách trước khi đi mua sắm.,"cefrj,gymtalk-vocab",
yes,A2,a2-u10,a2-u10-meaning-cheap,meaning,cheap,rẻ | hóa đơn | tiệm thuốc | thương hiệu,rẻ,,These vegetables are cheap at the market.,Rau ở chợ này rẻ.,"cefrj,gymtalk-vocab",
,A2,a2-u10,a2-u10-meaning-customer,meaning,customer,"giám đốc, quản lý | hóa đơn | rẻ | khách hàng",khách hàng,,The shop treats every customer politely.,Cửa hàng đối xử lịch sự với mọi khách hàng.,"cefrj,gymtalk-vocab",
,A2,a2-u10,a2-u10-meaning-department-store,meaning,department store,"quảng cáo | giám đốc, quản lý | trưng bày | cửa hàng bách hóa",cửa hàng bách hóa,,We bought new curtains at the department store.,Chúng tôi mua rèm mới ở cửa hàng bách hóa.,"cefrj,gymtalk-vocab",
,A2,a2-u10,a2-u10-meaning-display,meaning,display,cửa hàng tạp hóa | trưng bày | tiệm thuốc | cửa hàng bách hóa,trưng bày,,The new collection is on display near the entrance.,Bộ sưu tập mới được trưng bày gần lối vào.,"cefrj,gymtalk-vocab",
yes,A2,a2-u10,a2-u10-meaning-drugstore,meaning,drugstore,"đổi hàng | rổ, giỏ | chất lượng | tiệm thuốc",tiệm thuốc,,I bought some medicine at the drugstore.,Tôi mua ít thuốc ở tiệm thuốc.,"cefrj,gymtalk-vocab",
,A2,a2-u10,a2-u10-meaning-exchange,meaning,exchange,tiệm thuốc | ngân sách | khách hàng | đổi hàng,đổi hàng,,You can exchange the item within seven days.,Bạn có thể đổi hàng trong vòng bảy ngày.,"cefrj,gymtalk-vocab",
,A2,a2-u10,a2-u10-meaning-grocery-store,meaning,grocery store,"mặc cả, món hời | cửa hàng tạp hóa | khách hàng | đổi hàng",cửa hàng tạp hóa,,I stopped by the grocery store after work.,Tôi ghé qua cửa hàng tạp hóa sau giờ làm.,"cefrj,gymtalk-vocab",
,A2,a2-u10,a2-u10-meaning-manager,meaning,manager,"cửa hàng bách hóa | khách hàng | cửa hàng tạp hóa | giám đốc, quản lý","giám đốc, quản lý",,The manager approved my refund request.,Quản lý đã duyệt yêu cầu hoàn tiền của tôi.,"cefrj,gymtalk-vocab",
yes,A2,a2-u10,a2-u10-meaning-quality,meaning,quality,"chất lượng | ngân sách | hóa đơn | mặc cả, món hời",chất lượng,,The quality of this fabric is excellent.,Chất lượng của loại vải này rất tốt.,"cefrj,gymtalk-vocab",
,A2,a2-u10,a2-u10-meaning-receipt,meaning,receipt,hóa đơn | thương hiệu | khách hàng | trưng bày,hóa đơn,,Keep the receipt in case you need a refund.,Giữ lại hóa đơn phòng khi bạn cần hoàn tiền.,"cefrj,gymtalk-vocab",
,A2,a2-u10,a2-u10-gapFill-advertisement,gapFill,That's not an ___.,receipt | basket | advertisement | quality,advertisement,Đấy không phải quảng cáo.,I saw the advertisement for the sale on TV.,Tôi thấy quảng cáo giảm giá trên tivi.,"cefrj,tatoeba",
,A2,a2-u10,a2-u10-listening-bargain,listening,bargain,department store | bargain | display | customer,bargain,,She got a great bargain on the shoes.,Cô ấy mua được đôi giày với giá rất hời.,"cefrj,gymtalk-vocab",
,A2,a2-u10,a2-u10-wordScramble-basket,wordScramble,basket,basket,basket,"rổ, giỏ",She carried a basket of fruit.,Cô ấy xách một giỏ trái cây.,"cefrj,gymtalk-vocab",
,A2,a2-u10,a2-u10-gapFill-brand,gapFill,The overuse of discounts has cheapened the ___'s value over time.,basket | brand | bargain | quality,brand,Việc lạm dụng giảm giá đã làm giảm giá trị nhãn hàng theo thời gian.,This is a popular clothing brand.,Đây là một thương hiệu quần áo phổ biến.,"cefrj,tatoeba",
,A2,a2-u10,a2-u10-listening-budget,listening,budget,budget | manager | customer | cheap,budget,,I set a budget before going shopping.,Tôi lập ngân sách trước khi đi mua sắm.,"cefrj,gymtalk-vocab",
,A2,a2-u10,a2-u10-wordScramble-cheap,wordScramble,cheap,cheap,cheap,rẻ,These vegetables are cheap at the market.,Rau ở chợ này rẻ.,"cefrj,gymtalk-vocab",
,A2,a2-u10,a2-u10-gapFill-customer,gapFill,The shop treats every ___ politely.,customer | drugstore | receipt | exchange,customer,Cửa hàng đối xử lịch sự với mọi khách hàng.,The shop treats every customer politely.,Cửa hàng đối xử lịch sự với mọi khách hàng.,"cefrj,gymtalk-vocab",
,A2,a2-u10,a2-u10-listening-department-store,listening,department store,manager | grocery store | brand | department store,department store,,We bought new curtains at the department store.,Chúng tôi mua rèm mới ở cửa hàng bách hóa.,"cefrj,gymtalk-vocab",
,A2,a2-u10,a2-u10-wordScramble-display,wordScramble,display,display,display,trưng bày,The new collection is on display near the entrance.,Bộ sưu tập mới được trưng bày gần lối vào.,"cefrj,gymtalk-vocab",
,A2,a2-u10,a2-u10-gapFill-drugstore,gapFill,I bought some medicine at the ___.,quality | drugstore | manager | department store,drugstore,Tôi mua ít thuốc ở tiệm thuốc.,I bought some medicine at the drugstore.,Tôi mua ít thuốc ở tiệm thuốc.,"cefrj,gymtalk-vocab",
,A2,a2-u10,a2-u10-listening-exchange,listening,exchange,drugstore | display | receipt | exchange,exchange,,You can exchange the item within seven days.,Bạn có thể đổi hàng trong vòng bảy ngày.,"cefrj,gymtalk-vocab",
,A2,a2-u10,a2-u10-gapFill-grocery-store,gapFill,I stopped by the ___ after work.,advertisement | bargain | grocery store | budget,grocery store,Tôi ghé qua cửa hàng tạp hóa sau giờ làm.,I stopped by the grocery store after work.,Tôi ghé qua cửa hàng tạp hóa sau giờ làm.,"cefrj,gymtalk-vocab",
,A2,a2-u10,a2-u10-gapFill-manager,gapFill,That's the new ___.,drugstore | manager | grocery store | brand,manager,Đó là người quản lý mới.,The manager approved my refund request.,Quản lý đã duyệt yêu cầu hoàn tiền của tôi.,"cefrj,tatoeba",
,A2,a2-u10,a2-u10-listening-quality,listening,quality,receipt | exchange | quality | grocery store,quality,,The quality of this fabric is excellent.,Chất lượng của loại vải này rất tốt.,"cefrj,gymtalk-vocab",
,A2,a2-u10,a2-u10-wordScramble-receipt,wordScramble,receipt,receipt,receipt,hóa đơn,Keep the receipt in case you need a refund.,Giữ lại hóa đơn phòng khi bạn cần hoàn tiền.,"cefrj,gymtalk-vocab",
,A2,a2-u10,a2-u10-grammar-have-to-must-1,grammar,You ___ wear shoes in the gym.,must | mustn't to | musts | are must,must,have to/has to và must + động từ nguyên mẫu để nói việc bắt buộc; don't have to là không cần.,,,gymtalk-grammar,
,A2,a2-u10,a2-u10-grammar-have-to-must-2,grammar,She ___ to wake up early for training.,has | have | must | does,has,have to/has to và must + động từ nguyên mẫu để nói việc bắt buộc; don't have to là không cần.,,,gymtalk-grammar,
,A2,a2-u10,a2-u10-grammar-have-to-must-3,grammar,You don't ___ to bring a towel; we have them.,have | must | has | having,have,have to/has to và must + động từ nguyên mẫu để nói việc bắt buộc; don't have to là không cần.,,,gymtalk-grammar,
